sender,requestkey,token0,token0amount,token1,token1amount,time
k:7b9c8a048b89df9b3bc57d6e133381b094030c93fa3b1dfb3b653a42b0c1d50e,https://explorer.kadena.io/mainnet/transaction/U0HZzIhI2nib_6-HuvJucjcxZ3PqIUa1XDgrMnAciAY,BRO,0.01,KDA,2260.949,2025-06-13 04:16:30
k:7b9c8a048b89df9b3bc57d6e133381b094030c93fa3b1dfb3b653a42b0c1d50e,https://explorer.kadena.io/mainnet/transaction/V48QJTUQHkX1htW8En1IRaOTFJ2b7J2AIGjiFflTcW0,BRO,0.02,HERON,9221480.7,2025-06-13 04:16:33
k:7b9c8a048b89df9b3bc57d6e133381b094030c93fa3b1dfb3b653a42b0c1d50e,https://explorer.kadena.io/mainnet/transaction/UEgW6BirWZURuv7hBCw_9gCaS9_dG4EXAFlrcqoWidY,BRO,0.0177,HERON,9087505.3,2025-06-13 04:16:33
k:7b9c8a048b89df9b3bc57d6e133381b094030c93fa3b1dfb3b653a42b0c1d50e,https://explorer.kadena.io/mainnet/transaction/Wo3A2pB-K42QAcPHm0-1mfOxuBAUbvD6x3frYm2xz2M,KDA,2194.1212,BRO,0.00911,2025-06-13 04:16:31
k:7b9c8a048b89df9b3bc57d6e133381b094030c93fa3b1dfb3b653a42b0c1d50e,https://explorer.kadena.io/mainnet/transaction/c7D32ARdl3voI95sKuMh9n8CW7xeOtnegiX7Wf0kdRc,BRO,0.01,KDA,2294.2817,2025-06-13 04:16:30
k:7b9c8a048b89df9b3bc57d6e133381b094030c93fa3b1dfb3b653a42b0c1d50e,https://explorer.kadena.io/mainnet/transaction/uBcagyr7ScumUJMJyOfx_cGcM2n2vNClLiZYo3SeIMY,KDA,2160.6212,BRO,0.00925,2025-06-13 04:16:31
k:7b9c8a048b89df9b3bc57d6e133381b094030c93fa3b1dfb3b653a42b0c1d50e,https://explorer.kadena.io/mainnet/transaction/qpffOovD6dSmbrICJmrMzwG_rJfz6fmU-UTQsYJ3S4I,BRO,0.0186,HERON,10192633.0,2025-06-13 04:16:34
k:7b9c8a048b89df9b3bc57d6e133381b094030c93fa3b1dfb3b653a42b0c1d50e,https://explorer.kadena.io/mainnet/transaction/7TEID67u3X5qFlOkhNFVULgmk8oYHl1TxWFyWCwrrG8,HERON,8684254.8,BRO,0.0115,2025-06-13 04:16:35
k:7b9c8a048b89df9b3bc57d6e133381b094030c93fa3b1dfb3b653a42b0c1d50e,https://explorer.kadena.io/mainnet/transaction/6A7GWXIx1LIn-XmDfs25VW-CVQ4nlIc4e5fJbZSUGrQ,BRO,0.00258,HERON,9488825.3,2025-06-13 04:16:33
k:7b9c8a048b89df9b3bc57d6e133381b094030c93fa3b1dfb3b653a42b0c1d50e,https://explorer.kadena.io/mainnet/transaction/CA5H6fCCBCf6JqtKhp8xA-PpQqq7B5Rx05BOA1czkb0,BRO,0.0299,KDA,2501.1931,2025-06-13 04:17:51
k:7b9c8a048b89df9b3bc57d6e133381b094030c93fa3b1dfb3b653a42b0c1d50e,https://explorer.kadena.io/mainnet/transaction/ObTVGdMfPka5SEChMeKuSr6Fwlk7NLcOjzp7mKaWA1Y,HERON,8441061.2,BRO,0.0119,2025-06-13 04:17:55
k:7b9c8a048b89df9b3bc57d6e133381b094030c93fa3b1dfb3b653a42b0c1d50e,https://explorer.kadena.io/mainnet/transaction/yP94rvUWh9qs5-hzV82ojFI2suCxOrUL3TnnxDWfUSw,BRO,0.0109,HERON,9116503.2,2025-06-13 04:17:54
k:7b9c8a048b89df9b3bc57d6e133381b094030c93fa3b1dfb3b653a42b0c1d50e,https://explorer.kadena.io/mainnet/transaction/ytqqFRVZz7R-wsAtb_1joRH7VOzSo4h6nF5WQ1YzJ8g,BRO,0.0109,HERON,9049294.0,2025-06-13 05:05:48
k:7b9c8a048b89df9b3bc57d6e133381b094030c93fa3b1dfb3b653a42b0c1d50e,https://explorer.kadena.io/mainnet/transaction/AQss0BEp8WiQ_Lcj8AxESUInnLABfBBmUvp4Oq9nqXU,BRO,0.0165,HERON,10149775.0,2025-06-13 05:05:49
k:7b9c8a048b89df9b3bc57d6e133381b094030c93fa3b1dfb3b653a42b0c1d50e,https://explorer.kadena.io/mainnet/transaction/WjbrKVNQRLOSlMyWPPpXSz0cnMVGeyJgF0OeOxnvRpQ,BRO,0.00898,HERON,9553065.4,2025-06-13 19:42:44
k:7b9c8a048b89df9b3bc57d6e133381b094030c93fa3b1dfb3b653a42b0c1d50e,https://explorer.kadena.io/mainnet/transaction/ELu5aFHxMSSz93DPrEDgOEXOGL-ZuE8Y0hgmJR7fOTU,BRO,0.01,KDA,2134.6489,2025-06-13 19:42:39
k:7b9c8a048b89df9b3bc57d6e133381b094030c93fa3b1dfb3b653a42b0c1d50e,https://explorer.kadena.io/mainnet/transaction/MTmwQdOOXDY300xKPHAx6_HLd9gRaLDaov6yUk2gSrM,BRO,0.0184,HERON,8517281.9,2025-06-13 19:42:44
k:7b9c8a048b89df9b3bc57d6e133381b094030c93fa3b1dfb3b653a42b0c1d50e,https://explorer.kadena.io/mainnet/transaction/FFw_XOSTazM7Cf6KkGOlIe30Yt1C-rnEH5zXFS7a9LY,BRO,0.0299,KDA,2354.0005,2025-06-13 19:42:40
k:7b9c8a048b89df9b3bc57d6e133381b094030c93fa3b1dfb3b653a42b0c1d50e,https://explorer.kadena.io/mainnet/transaction/JW8tWCl9rfbFbygC8wOZVf35SvHW3wWi0xMhZNkFU5I,KDA,1976.4927,BRO,0.0101,2025-06-13 19:42:40
k:7b9c8a048b89df9b3bc57d6e133381b094030c93fa3b1dfb3b653a42b0c1d50e,https://explorer.kadena.io/mainnet/transaction/7eFpum8tzonnkVLee81PPmJ9LvxX_4su55ETqfYFh2c,KDA,1870.7201,BRO,0.0534,2025-06-13 19:42:41
k:7b9c8a048b89df9b3bc57d6e133381b094030c93fa3b1dfb3b653a42b0c1d50e,https://explorer.kadena.io/mainnet/transaction/OmpE4RPLnGXQh-Q3lXvDne7mzxkQ3Jbf13VPveFKDkk,HERON,8265533.4,BRO,0.012,2025-06-13 19:42:46
k:7b9c8a048b89df9b3bc57d6e133381b094030c93fa3b1dfb3b653a42b0c1d50e,https://explorer.kadena.io/mainnet/transaction/LDupAEtqPndB0vfXJJfsKKRrdEXETInlyh_N8fQf0xc,BRO,0.02,HERON,8642850.6,2025-06-13 19:42:44
k:7b9c8a048b89df9b3bc57d6e133381b094030c93fa3b1dfb3b653a42b0c1d50e,https://explorer.kadena.io/mainnet/transaction/wKK3Oee7m6b4lniU2M1DTmx6CxYCtvodJ3Lf5DTlwA4,KDA,2071.5543,BRO,0.00965,2025-06-13 19:42:40
k:7b9c8a048b89df9b3bc57d6e133381b094030c93fa3b1dfb3b653a42b0c1d50e,https://explorer.kadena.io/mainnet/transaction/LbRr0ddfbWcfst9LhRKpGs-MrR_tm4tAWcbu1JtDn98,BRO,0.01,KDA,2166.1196,2025-06-13 19:42:40
k:7b9c8a048b89df9b3bc57d6e133381b094030c93fa3b1dfb3b653a42b0c1d50e,https://explorer.kadena.io/mainnet/transaction/9YUhiNJLDslhZh4IrscZ4SSUDsjyfwFtSVUXSRW0O7Q,HERON,7108557.2,BRO,0.0984,2025-06-13 19:42:46
k:7b9c8a048b89df9b3bc57d6e133381b094030c93fa3b1dfb3b653a42b0c1d50e,https://explorer.kadena.io/mainnet/transaction/X0NHQYTpYol6q5_bSYy0EcUdBDP41sZp00UDZL9gVB0,BRO,0.0291,HERON,8893419.9,2025-06-13 19:42:44
k:7b9c8a048b89df9b3bc57d6e133381b094030c93fa3b1dfb3b653a42b0c1d50e,https://explorer.kadena.io/mainnet/transaction/P38ASPYCnqRcaXTbCOBm9YruAqVErbp2u3GxWv4lzfA,KDA,2039.9256,BRO,0.0098,2025-06-13 19:44:00
k:7b9c8a048b89df9b3bc57d6e133381b094030c93fa3b1dfb3b653a42b0c1d50e,https://explorer.kadena.io/mainnet/transaction/5FAK9Yu5MMWJjfAPX7cfQF7Aj4XV922rMhOtnDknzzA,BRO,0.0183,HERON,8570354.5,2025-06-13 19:46:04
k:7b9c8a048b89df9b3bc57d6e133381b094030c93fa3b1dfb3b653a42b0c1d50e,https://explorer.kadena.io/mainnet/transaction/NQUOeA1XLeexIO3Z2lwtV-qqKcWMUTQnD90e0oaXJuc,KDA,2084.4625,BRO,0.00959,2025-06-13 19:46:03
k:7b9c8a048b89df9b3bc57d6e133381b094030c93fa3b1dfb3b653a42b0c1d50e,https://explorer.kadena.io/mainnet/transaction/wZ4uszTY6Z3kT_LRjfJz1sGeuIrF3-w22KH7-E_Ahcc,BRO,0.00672,HERON,9612592.2,2025-06-13 19:46:04
k:7b9c8a048b89df9b3bc57d6e133381b094030c93fa3b1dfb3b653a42b0c1d50e,https://explorer.kadena.io/mainnet/transaction/WtFSpQoj2TCCR90E0feL-cVCQdhQgV-FgYy98fxuSL0,BRO,0.01,KDA,2147.9503,2025-06-13 19:46:03
k:7b9c8a048b89df9b3bc57d6e133381b094030c93fa3b1dfb3b653a42b0c1d50e,https://explorer.kadena.io/mainnet/transaction/t6SbDx7OBKZlfwrEz_BiZ4ggQrXqhA_Xp1ioDPqeRNY,BRO,0.0223,HERON,8948836.3,2025-06-13 19:46:45
k:7b9c8a048b89df9b3bc57d6e133381b094030c93fa3b1dfb3b653a42b0c1d50e,https://explorer.kadena.io/mainnet/transaction/5JsIr_U6KXP2ocvZ2bfKy1Ay8ffZ1aXh_RkS9nDcEE4,BRO,0.01,KDA,2024.9468,2025-06-13 23:15:10
k:7b9c8a048b89df9b3bc57d6e133381b094030c93fa3b1dfb3b653a42b0c1d50e,https://explorer.kadena.io/mainnet/transaction/PUErDfKNsiqPKokJhKek7s9cyOwKExjd6wBzb-LGF98,KDA,1774.5816,BRO,0.0563,2025-06-13 23:15:11
k:7b9c8a048b89df9b3bc57d6e133381b094030c93fa3b1dfb3b653a42b0c1d50e,https://explorer.kadena.io/mainnet/transaction/DkVJ5Oqkm15Y_rKXQC9l9EX6P8aYyaMtLlKCkkfhzms,BRO,0.0299,KDA,2233.0257,2025-06-13 23:15:10
k:7b9c8a048b89df9b3bc57d6e133381b094030c93fa3b1dfb3b653a42b0c1d50e,https://explorer.kadena.io/mainnet/transaction/LXWvtIfwmsA-nHoHchzZ8gq_Y_hg8O9gspr9WxPS8bk,KDA,1935.0915,BRO,0.0103,2025-06-13 23:15:11
k:7b9c8a048b89df9b3bc57d6e133381b094030c93fa3b1dfb3b653a42b0c1d50e,https://explorer.kadena.io/mainnet/transaction/8Vl2Ncjj1ljkb-oPJAvO1EMeSSe9QkdWrlTKy8PpZZY,BRO,0.01,KDA,2054.8002,2025-06-13 23:15:10
k:7b9c8a048b89df9b3bc57d6e133381b094030c93fa3b1dfb3b653a42b0c1d50e,https://explorer.kadena.io/mainnet/transaction/Vhlal2K-JpveQSQtwA4HpaxM9cEs1as6VLUuCN1uf3U,KDA,1874.9184,BRO,0.0106,2025-06-13 23:15:37
k:7b9c8a048b89df9b3bc57d6e133381b094030c93fa3b1dfb3b653a42b0c1d50e,https://explorer.kadena.io/mainnet/transaction/_fumRGFRTQb4KgdS5kByd6HMBeFcJV-OQmBGseR22VU,BRO,0.0017,HERON,8494318.5,2025-06-13 23:18:46
k:7b9c8a048b89df9b3bc57d6e133381b094030c93fa3b1dfb3b653a42b0c1d50e,https://explorer.kadena.io/mainnet/transaction/TkPEhS_aTZ6wPc_1uInX3F9uYQqyJ-Pg2AYuAISnf74,HERON,8781820.6,BRO,0.0113,2025-06-13 05:05:50
k:7b9c8a048b89df9b3bc57d6e133381b094030c93fa3b1dfb3b653a42b0c1d50e,https://explorer.kadena.io/mainnet/transaction/vcp-VcTGYOo4Lzawmp__s_BFKhmaNWQf-DwcWOhfyJU,KDA,1965.0947,BRO,0.0101,2025-06-13 23:15:11
k:7b9c8a048b89df9b3bc57d6e133381b094030c93fa3b1dfb3b653a42b0c1d50e,https://explorer.kadena.io/mainnet/transaction/kq_bPoMSM5CQi83Qk8Mf35-zwKZNJlvVvnuC5mexCqY,BRO,0.0217,HERON,8436376.5,2025-06-13 23:15:15
k:7b9c8a048b89df9b3bc57d6e133381b094030c93fa3b1dfb3b653a42b0c1d50e,https://explorer.kadena.io/mainnet/transaction/keFEjnfRWcJ5BKki7xekPV7Vze1sLpNkkVxSHWzTtU8,BRO,0.02,HERON,8198684.3,2025-06-13 23:15:14
k:7b9c8a048b89df9b3bc57d6e133381b094030c93fa3b1dfb3b653a42b0c1d50e,https://explorer.kadena.io/mainnet/transaction/vTsrLpUp3VJhuAE0SBZTkJs_PYDGFdWhc3LwVOfd-FQ,BRO,0.0189,HERON,8079568.8,2025-06-13 23:15:14
k:7b9c8a048b89df9b3bc57d6e133381b094030c93fa3b1dfb3b653a42b0c1d50e,https://explorer.kadena.io/mainnet/transaction/pLy0SxnOTRBqFPgp17GM1HhHM3eqvPyE-H4rOfx0TAM,HERON,7480953.2,BRO,0.0134,2025-06-13 23:15:16
k:7b9c8a048b89df9b3bc57d6e133381b094030c93fa3b1dfb3b653a42b0c1d50e,https://explorer.kadena.io/mainnet/transaction/RzvcuhidBPpEOmxc6Qw4nFgN0s8If_7t2k2KMNNnQs0,BRO,0.0167,HERON,9062122.1,2025-06-13 23:15:15
k:7b9c8a048b89df9b3bc57d6e133381b094030c93fa3b1dfb3b653a42b0c1d50e,https://explorer.kadena.io/mainnet/transaction/iuO28svUjquUVN5tIgGHdNvXQ8Hs8NOsxq9PMoKddb4,HERON,7721044.6,BRO,0.0129,2025-06-13 23:15:16
k:7b9c8a048b89df9b3bc57d6e133381b094030c93fa3b1dfb3b653a42b0c1d50e,https://explorer.kadena.io/mainnet/transaction/ayr1UWqNSXbxFv8ztaCjCwYw3JJMS4PyyuLvY9lKMnM,BRO,0.0192,HERON,9117199.7,2025-06-13 23:18:02
k:7b9c8a048b89df9b3bc57d6e133381b094030c93fa3b1dfb3b653a42b0c1d50e,https://explorer.kadena.io/mainnet/transaction/ESsOsTXxHpAMzl7T_VKM7_zMI1-R55K8aJvP-DfdPn0,BRO,0.01,KDA,2037.254,2025-06-13 23:18:00
k:7b9c8a048b89df9b3bc57d6e133381b094030c93fa3b1dfb3b653a42b0c1d50e,https://explorer.kadena.io/mainnet/transaction/0UP2j3Z-r7kKAUCmultauRcEC0IRr796GfArEfzGxyI,BRO,0.01,KDA,2246.5975,2025-06-13 23:18:00
k:7b9c8a048b89df9b3bc57d6e133381b094030c93fa3b1dfb3b653a42b0c1d50e,https://explorer.kadena.io/mainnet/transaction/vN4BWOMmFXsfG72ETL_LUa4aD6uR784R9lMb65FrNrQ,KDA,1977.0381,BRO,0.0101,2025-06-13 23:18:00
k:7b9c8a048b89df9b3bc57d6e133381b094030c93fa3b1dfb3b653a42b0c1d50e,https://explorer.kadena.io/mainnet/transaction/REX1fOn0_X_qLC4rtp1e1NTCbVA4ZlTMjqq904vbags,BRO,0.0189,HERON,8128674.6,2025-06-13 23:18:01
k:7b9c8a048b89df9b3bc57d6e133381b094030c93fa3b1dfb3b653a42b0c1d50e,https://explorer.kadena.io/mainnet/transaction/JF-VEYH7oh968dmWk-SuLuXidnuTxBmjIiam777J5DU,HERON,7888412.3,BRO,0.0126,2025-06-13 23:18:02
k:7b9c8a048b89df9b3bc57d6e133381b094030c93fa3b1dfb3b653a42b0c1d50e,https://explorer.kadena.io/mainnet/transaction/MqIoU2kCR7zP7gj6ItjTAt1iGDh3CNlNRj-CPRIIM9I,HERON,7733981.3,BRO,0.0129,2025-06-16 08:26:30
k:7b9c8a048b89df9b3bc57d6e133381b094030c93fa3b1dfb3b653a42b0c1d50e,https://explorer.kadena.io/mainnet/transaction/fQ_fLusWSbq5w1pIKwyGSaevCvZd2djfMkACkYtBWno,BRO,0.02,HERON,8450511.8,2025-06-16 08:26:29
k:7b9c8a048b89df9b3bc57d6e133381b094030c93fa3b1dfb3b653a42b0c1d50e,https://explorer.kadena.io/mainnet/transaction/JpuNPpPHYn1Zmb1bCg0qsUD9B6ZQpJUZunfIVZLLLHw,HERON,9128051.5,BRO,0.0109,2025-06-05 16:50:39
k:7b9c8a048b89df9b3bc57d6e133381b094030c93fa3b1dfb3b653a42b0c1d50e,https://explorer.kadena.io/mainnet/transaction/CqkNd_qDz871FrPxM4N3fAJzIWecAl_vFXIMsNEk6yk,BRO,0.0028,HERON,9544742.2,2025-06-05 16:51:22
k:7b9c8a048b89df9b3bc57d6e133381b094030c93fa3b1dfb3b653a42b0c1d50e,https://explorer.kadena.io/mainnet/transaction/fw67sWLXagtALHnebMSUxl3KcOB0XkGC2pVjRZL7OBk,BRO,0.00299,HERON,9406070.3,2025-06-05 16:51:22
k:7b9c8a048b89df9b3bc57d6e133381b094030c93fa3b1dfb3b653a42b0c1d50e,https://explorer.kadena.io/mainnet/transaction/wEYwxh_8b4dxnNMF55ELtBoM5sVpM9AmCsiR7CW29VU,HERON,8709174.2,BRO,0.0051,2025-06-05 16:51:23
k:7b9c8a048b89df9b3bc57d6e133381b094030c93fa3b1dfb3b653a42b0c1d50e,https://explorer.kadena.io/mainnet/transaction/q_tW2LBdp4kfikJOWYTQc9i6FQk4XIOSL1Q0k1qXdJE,HERON,7453437.8,BRO,0.0134,2025-06-05 17:58:49
k:7b9c8a048b89df9b3bc57d6e133381b094030c93fa3b1dfb3b653a42b0c1d50e,https://explorer.kadena.io/mainnet/transaction/1oQ1Lcf0X7h7m7_GZIwN_Dv9qDOIVX_cMC9j2kT2tYQ,BRO,0.04,HERON,8143976.7,2025-06-05 17:58:47
k:7b9c8a048b89df9b3bc57d6e133381b094030c93fa3b1dfb3b653a42b0c1d50e,https://explorer.kadena.io/mainnet/transaction/FV2LyT8uxUSnM9TqCJi8NUPqluJoQd_5IYUz9nKIdtY,KDA,1824.3732,BRO,0.0109,2025-06-05 17:58:44
k:7b9c8a048b89df9b3bc57d6e133381b094030c93fa3b1dfb3b653a42b0c1d50e,https://explorer.kadena.io/mainnet/transaction/UroYaOPHNbTDolRogNmNeGuxOy58jNoF3vL5ZJkqKlI,BRO,0.02,HERON,7914522.8,2025-06-05 17:58:47
k:7b9c8a048b89df9b3bc57d6e133381b094030c93fa3b1dfb3b653a42b0c1d50e,https://explorer.kadena.io/mainnet/transaction/to7RxsnoZk-3-gCQvayh0ijz8DoZBnMVwd_msJxFx2E,HERON,7221667.8,BRO,0.0138,2025-06-05 17:58:49
k:7b9c8a048b89df9b3bc57d6e133381b094030c93fa3b1dfb3b653a42b0c1d50e,https://explorer.kadena.io/mainnet/transaction/blMwdbvOdBmoinbJqrd21jecbiTTfDUWNFGTpC6utaU,HERON,7569001.9,BRO,0.0132,2025-06-05 17:58:48
k:7b9c8a048b89df9b3bc57d6e133381b094030c93fa3b1dfb3b653a42b0c1d50e,https://explorer.kadena.io/mainnet/transaction/-YTGsKj6AoglWCp96Ia8YAhzlUb_pipuP4O9j14Luoc,KDA,1677.1454,BRO,0.024,2025-06-05 18:00:18
k:7b9c8a048b89df9b3bc57d6e133381b094030c93fa3b1dfb3b653a42b0c1d50e,https://explorer.kadena.io/mainnet/transaction/G9OLBR_NONlibQ84SCXyvhM4ZlxN3Tj91R36q7GWRx0,BRO,0.06,KDA,2152.0437,2025-06-05 18:00:54
k:7b9c8a048b89df9b3bc57d6e133381b094030c93fa3b1dfb3b653a42b0c1d50e,https://explorer.kadena.io/mainnet/transaction/-2zF02hMHTQjdSfbA9NCnosiihK8xO-oCxWftOk0vNs,BRO,0.12,HERON,8476730.6,2025-06-05 17:57:34
k:7b9c8a048b89df9b3bc57d6e133381b094030c93fa3b1dfb3b653a42b0c1d50e,https://explorer.kadena.io/mainnet/transaction/pSDxI2VwXIZX8qkF0ZVWdbkjx_0WHx9G44LmJ-1OhBs,BRO,0.01,KDA,1932.2099,2025-06-05 17:58:01
k:7b9c8a048b89df9b3bc57d6e133381b094030c93fa3b1dfb3b653a42b0c1d50e,https://explorer.kadena.io/mainnet/transaction/1L-iQM0MjAPugwJDJ4j1YNUMjHzNxee1qW1azs8YxbQ,HERON,7334263.6,BRO,0.0136,2025-06-05 17:57:35
k:7b9c8a048b89df9b3bc57d6e133381b094030c93fa3b1dfb3b653a42b0c1d50e,https://explorer.kadena.io/mainnet/transaction/TimlHwAbi_2q2PzsRnSWhtVHedCmUSRAkv2PI1BOuBs,BRO,0.02,HERON,7669068.8,2025-06-05 17:57:33
k:7b9c8a048b89df9b3bc57d6e133381b094030c93fa3b1dfb3b653a42b0c1d50e,https://explorer.kadena.io/mainnet/transaction/p8_WXlZlWhcqpoCsjfPfJbWbmEC057n9g7GUkM3SpL0,BRO,0.01,KDA,1850.4891,2025-06-05 17:58:01
k:7b9c8a048b89df9b3bc57d6e133381b094030c93fa3b1dfb3b653a42b0c1d50e,https://explorer.kadena.io/mainnet/transaction/4-tzu8cB-X7vODxYqzYMFfimjNQnsFEPprFm_cpnmB4,BRO,0.06,KDA,2040.6411,2025-06-05 17:58:01
k:7b9c8a048b89df9b3bc57d6e133381b094030c93fa3b1dfb3b653a42b0c1d50e,https://explorer.kadena.io/mainnet/transaction/zDUy74iz6f7-7Nwu4_yXkzU8GFZoRNzfVRKPsHjCUlY,BRO,0.01,KDA,1877.7705,2025-06-05 17:58:01
k:7b9c8a048b89df9b3bc57d6e133381b094030c93fa3b1dfb3b653a42b0c1d50e,https://explorer.kadena.io/mainnet/transaction/j6TAkwaL65kvUmyH9L786nfpJckvJhxTSMdvSYgF3nk,BRO,0.01,KDA,2336.2604,2025-06-05 16:50:35
k:7b9c8a048b89df9b3bc57d6e133381b094030c93fa3b1dfb3b653a42b0c1d50e,https://explorer.kadena.io/mainnet/transaction/dMNyvIP7lpH0kE3fzYmsAWdd7IVZRnWvbL6AiN_5kec,KDA,2234.2673,BRO,0.00895,2025-06-05 16:50:35
k:7b9c8a048b89df9b3bc57d6e133381b094030c93fa3b1dfb3b653a42b0c1d50e,https://explorer.kadena.io/mainnet/transaction/Lrc7RjTrFtR_PLZdd5eRKvtUeJzcekP05od9Yju0Uns,BRO,0.0172,HERON,9821458.7,2025-06-05 16:50:38
k:7b9c8a048b89df9b3bc57d6e133381b094030c93fa3b1dfb3b653a42b0c1d50e,https://explorer.kadena.io/mainnet/transaction/X6-pRyp6y5_4dXzExn9u4yO2akPrbgCyj8sI9HYrwEc,KDA,1852.6597,BRO,0.0107,2025-06-05 17:58:44
k:7b9c8a048b89df9b3bc57d6e133381b094030c93fa3b1dfb3b653a42b0c1d50e,https://explorer.kadena.io/mainnet/transaction/-7CX-sRmYEFa8JvO8sdD83vPWJUYHoiibldNcVSzhQc,BRO,0.0196,HERON,7799535.7,2025-06-05 17:58:46
k:7b9c8a048b89df9b3bc57d6e133381b094030c93fa3b1dfb3b653a42b0c1d50e,https://explorer.kadena.io/mainnet/transaction/l1_U7cjby3ZffzMFuMPDbI312Gv4KkcqNcvWgPZkJhk,HERON,6509523.4,BRO,0.0527,2025-06-05 17:58:49
k:7b9c8a048b89df9b3bc57d6e133381b094030c93fa3b1dfb3b653a42b0c1d50e,https://explorer.kadena.io/mainnet/transaction/4EUrERXH1ofrGFLZA-Ur2dl6Soq_1Q0HHmrnzb0hjfY,BRO,0.01,KDA,1997.6787,2025-06-05 17:59:43
k:7b9c8a048b89df9b3bc57d6e133381b094030c93fa3b1dfb3b653a42b0c1d50e,https://explorer.kadena.io/mainnet/transaction/reL3-5VKqH5DdcZADWqRloR10UEvQUFwgK1LXhaG6bE,BRO,0.01,KDA,1913.1889,2025-06-05 17:59:43
k:7b9c8a048b89df9b3bc57d6e133381b094030c93fa3b1dfb3b653a42b0c1d50e,https://explorer.kadena.io/mainnet/transaction/p1ZibZfgf5ckhql_dHdyRx8lDq7AQqCzAD88RhwEbnk,BRO,0.0193,HERON,7972856.4,2025-06-05 18:00:58
k:7b9c8a048b89df9b3bc57d6e133381b094030c93fa3b1dfb3b653a42b0c1d50e,https://explorer.kadena.io/mainnet/transaction/p1s6m5fPRvXVb3oS0wzpvbQRoHH5isvqPz1JW0KHZ3c,KDA,1893.8294,BRO,0.0105,2025-06-05 18:00:55
k:7b9c8a048b89df9b3bc57d6e133381b094030c93fa3b1dfb3b653a42b0c1d50e,https://explorer.kadena.io/mainnet/transaction/iT9tz0M32qMb-9a9jK7tfCgmwb4tB_uyqIh2AaDUdjQ,BRO,0.01,KDA,2023.765,2025-06-05 18:02:12
k:7b9c8a048b89df9b3bc57d6e133381b094030c93fa3b1dfb3b653a42b0c1d50e,https://explorer.kadena.io/mainnet/transaction/hWoPd8i5665qQXvt0zheO4g1L7WWVHegXhDI4NYY9dY,KDA,1963.9478,BRO,0.0101,2025-06-05 18:02:14
k:7b9c8a048b89df9b3bc57d6e133381b094030c93fa3b1dfb3b653a42b0c1d50e,https://explorer.kadena.io/mainnet/transaction/7b03GmRL39AEluKKvABm_KnL1Xuu33RW8xGeey9qpG4,KDA,1933.9621,BRO,0.0103,2025-06-05 18:02:14
k:7b9c8a048b89df9b3bc57d6e133381b094030c93fa3b1dfb3b653a42b0c1d50e,https://explorer.kadena.io/mainnet/transaction/UkNE33nZVvhv5ceNcObJ96bXYyFPmUgefkQQ9ISRjgE,BRO,0.04,HERON,8633180.2,2025-06-05 18:02:16
k:7b9c8a048b89df9b3bc57d6e133381b094030c93fa3b1dfb3b653a42b0c1d50e,https://explorer.kadena.io/mainnet/transaction/vgomJ0cvHnJ0nd4wLhFO7DzSJEyPPb_7ljnBgLjnS6o,KDA,1773.546,BRO,0.0451,2025-06-05 18:02:14
k:7b9c8a048b89df9b3bc57d6e133381b094030c93fa3b1dfb3b653a42b0c1d50e,https://explorer.kadena.io/mainnet/transaction/q7Jm6iOILZXPCaXOOzrzgbQilkSWiuUcADb_8GTW8BI,BRO,0.0189,HERON,8268048.8,2025-06-05 18:02:16
k:7b9c8a048b89df9b3bc57d6e133381b094030c93fa3b1dfb3b653a42b0c1d50e,https://explorer.kadena.io/mainnet/transaction/0NATGX9Sl2P6BI5dFUxc67Lk9yScxQIpDfFarYKkzC0,HERON,8023666.9,BRO,0.0124,2025-06-05 18:02:18
k:7b9c8a048b89df9b3bc57d6e133381b094030c93fa3b1dfb3b653a42b0c1d50e,https://explorer.kadena.io/mainnet/transaction/5lOLQA-dc4xRmQUqO4un113RN1ICoWG-PSHXZr35Q_4,BRO,0.019,HERON,8215712.4,2025-06-05 18:03:42
k:7b9c8a048b89df9b3bc57d6e133381b094030c93fa3b1dfb3b653a42b0c1d50e,https://explorer.kadena.io/mainnet/transaction/ADOcfJzmXs2IN_jYGNvXIdVE3f3wLqctXdtWOvLdWQI,HERON,7972877.5,BRO,0.0125,2025-06-05 18:03:45
k:7b9c8a048b89df9b3bc57d6e133381b094030c93fa3b1dfb3b653a42b0c1d50e,https://explorer.kadena.io/mainnet/transaction/ODKMdyPlnt-p6CdebqX1D7bKj8alKVnIX82Xvb34l5g,HERON,7851147.0,BRO,0.0127,2025-06-05 18:03:45
k:7b9c8a048b89df9b3bc57d6e133381b094030c93fa3b1dfb3b653a42b0c1d50e,https://explorer.kadena.io/mainnet/transaction/_0nokdLLhbQNGhSWHQapCr4uiAeTcRnB0QKgPN0f1eM,HERON,7607009.9,BRO,0.0131,2025-06-05 18:03:45
k:7b9c8a048b89df9b3bc57d6e133381b094030c93fa3b1dfb3b653a42b0c1d50e,https://explorer.kadena.io/mainnet/transaction/uSJ_AFsx4ewL4nRM8-MH0vdQC1QY8wQgOFXPHf2gTxg,HERON,6856866.1,BRO,0.0355,2025-06-05 18:03:46
k:7b9c8a048b89df9b3bc57d6e133381b094030c93fa3b1dfb3b653a42b0c1d50e,https://explorer.kadena.io/mainnet/transaction/cfxWBbW28ChbR9WIASXlTmrvIH6WdPlkGcjR_8HU86M,BRO,0.0011,HERON,8336835.1,2025-06-05 18:03:43
k:7b9c8a048b89df9b3bc57d6e133381b094030c93fa3b1dfb3b653a42b0c1d50e,https://explorer.kadena.io/mainnet/transaction/_3ASkZqGitgKOKMP0cMbeZdj_xym6w42UWwjaqdZ_qo,BRO,0.00999,KDA,2099.7619,2025-06-05 18:03:40
k:7b9c8a048b89df9b3bc57d6e133381b094030c93fa3b1dfb3b653a42b0c1d50e,https://explorer.kadena.io/mainnet/transaction/rlmT7NUeYrdk8oXCK5esN5f8S3G7mw_IEQmBo-Ji1BU,BRO,0.01,KDA,2010.9547,2025-06-05 18:03:40
k:7b9c8a048b89df9b3bc57d6e133381b094030c93fa3b1dfb3b653a42b0c1d50e,https://explorer.kadena.io/mainnet/transaction/liV6qcISNPeNRfPDY1BWgqmBFQfOqdfgzZ_CGfxHbaY,HERON,7737199.6,BRO,0.0129,2025-06-05 18:00:59
k:7b9c8a048b89df9b3bc57d6e133381b094030c93fa3b1dfb3b653a42b0c1d50e,https://explorer.kadena.io/mainnet/transaction/l4vk-DAMmk2VNLkTpnfNgKZ-XfuG9DOkM92kaY3MI4Q,BRO,0.01,KDA,1951.511,2025-06-05 18:00:54
k:7b9c8a048b89df9b3bc57d6e133381b094030c93fa3b1dfb3b653a42b0c1d50e,https://explorer.kadena.io/mainnet/transaction/xUdyzyaGf8r0j0KPG_WueZCHNl1Umaw2WVTmo6t6v7c,BRO,0.12,HERON,8942432.5,2025-06-05 18:00:58
k:7b9c8a048b89df9b3bc57d6e133381b094030c93fa3b1dfb3b653a42b0c1d50e,https://explorer.kadena.io/mainnet/transaction/qnRFDRPGP3i-K27EnekqgJR1rgmiHRYX2wdp-3jV5vs,BRO,0.04,HERON,8312014.0,2025-06-05 18:01:36
k:7b9c8a048b89df9b3bc57d6e133381b094030c93fa3b1dfb3b653a42b0c1d50e,https://explorer.kadena.io/mainnet/transaction/kygq1WucI0Cv85g2DFqJLtGYO_NhvhZBAZ-v7CiXlWo,BRO,0.02,HERON,8077825.7,2025-06-05 18:01:36
k:7b9c8a048b89df9b3bc57d6e133381b094030c93fa3b1dfb3b653a42b0c1d50e,https://explorer.kadena.io/mainnet/transaction/kZOsVMePWR6amdAsdiLKGl63TfglS5IHIUXLsAaKdLg,KDA,1707.5676,BRO,0.0117,2025-06-05 18:01:34
k:7b9c8a048b89df9b3bc57d6e133381b094030c93fa3b1dfb3b653a42b0c1d50e,https://explorer.kadena.io/mainnet/transaction/lUJOZLUykDJw_c1zmO59VQ8G7buwth7A_n5TbGZ8t7k,BRO,0.01,KDA,2053.601,2025-06-05 18:02:13
k:7b9c8a048b89df9b3bc57d6e133381b094030c93fa3b1dfb3b653a42b0c1d50e,https://explorer.kadena.io/mainnet/transaction/0HuXgTLi7GAlxI4q6PAdoXQMEHDhD7mYdDXR5j52o5A,BRO,0.06,KDA,2231.7224,2025-06-05 18:02:13
k:7b9c8a048b89df9b3bc57d6e133381b094030c93fa3b1dfb3b653a42b0c1d50e,https://explorer.kadena.io/mainnet/transaction/XgRgh6FgspgAKrU1cfjq2OVmEkGrdRdHj4SKOuHbAHk,KDA,1595.2969,BRO,0.0125,2025-06-05 17:55:12
k:7b9c8a048b89df9b3bc57d6e133381b094030c93fa3b1dfb3b653a42b0c1d50e,https://explorer.kadena.io/mainnet/transaction/vftZOS46T5Eztb7XbKYCkICK1434xxvQxcOzkkuAkEQ,BRO,0.01,KDA,1799.0388,2025-06-05 17:55:11
k:7b9c8a048b89df9b3bc57d6e133381b094030c93fa3b1dfb3b653a42b0c1d50e,https://explorer.kadena.io/mainnet/transaction/kkZJdVfP-PgLXA98PaihoKKObA974olWGn8KGlH_o9M,KDA,1646.4959,BRO,0.0121,2025-06-05 17:55:12
k:7b9c8a048b89df9b3bc57d6e133381b094030c93fa3b1dfb3b653a42b0c1d50e,https://explorer.kadena.io/mainnet/transaction/1Ei6IFb_V2ZVWjlN-qv6SxXvRKIwgvytPHJa4xIEmFs,KDA,1672.0245,BRO,0.0119,2025-06-05 17:55:12
k:7b9c8a048b89df9b3bc57d6e133381b094030c93fa3b1dfb3b653a42b0c1d50e,https://explorer.kadena.io/mainnet/transaction/vub4F-3JJOGbgIW6yJ5ctbmYUmRIEQUUB2YleQP2HKk,BRO,0.06,KDA,1899.9968,2025-06-05 17:55:11
k:7b9c8a048b89df9b3bc57d6e133381b094030c93fa3b1dfb3b653a42b0c1d50e,https://explorer.kadena.io/mainnet/transaction/RncWdxo7IGUlF0uqlH-Mwu82n-JLBJ1TOnfObJDXDcQ,HERON,6726723.7,BRO,0.0148,2025-06-05 17:55:20
k:7b9c8a048b89df9b3bc57d6e133381b094030c93fa3b1dfb3b653a42b0c1d50e,https://explorer.kadena.io/mainnet/transaction/vAxr6U6Rk1iOhFZY9zlifdU-0thr1e2HELFFUYMRYtY,HERON,6517551.4,BRO,0.0306,2025-06-05 17:55:20
k:7b9c8a048b89df9b3bc57d6e133381b094030c93fa3b1dfb3b653a42b0c1d50e,https://explorer.kadena.io/mainnet/transaction/Urrai-1WHF_FIp7zw56TLh8m-IfZq0FGtF5P9KzPvco,HERON,5874841.5,BRO,0.109,2025-06-05 17:55:21
k:7b9c8a048b89df9b3bc57d6e133381b094030c93fa3b1dfb3b653a42b0c1d50e,https://explorer.kadena.io/mainnet/transaction/xkmg7BWlcjcRwA6hUudlNaEhA6EUESyUA9zLZoB3ctE,BRO,0.01,KDA,1722.9503,2025-06-05 17:55:11
k:7b9c8a048b89df9b3bc57d6e133381b094030c93fa3b1dfb3b653a42b0c1d50e,https://explorer.kadena.io/mainnet/transaction/V6oBJaP6vWqlnsQn9oMHWtgDQY1oK5ne3PKyM_4uHVs,HERON,6831020.2,BRO,0.0146,2025-06-05 17:55:20
k:7b9c8a048b89df9b3bc57d6e133381b094030c93fa3b1dfb3b653a42b0c1d50e,https://explorer.kadena.io/mainnet/transaction/p0j_96Puyk5SwjKwzmFaKFZYVE7O93yj-tNrE0UYpEQ,BRO,0.02,HERON,7142852.7,2025-06-05 17:55:17
k:7b9c8a048b89df9b3bc57d6e133381b094030c93fa3b1dfb3b653a42b0c1d50e,https://explorer.kadena.io/mainnet/transaction/h8jk3CPv1DxY9byFSevqnKKduByz9nzcNJkSpU4z-Uk,KDA,1509.9241,BRO,0.0661,2025-06-05 17:55:13
k:7b9c8a048b89df9b3bc57d6e133381b094030c93fa3b1dfb3b653a42b0c1d50e,https://explorer.kadena.io/mainnet/transaction/Kn5Qv99VwuGfQZlJIrK73s6K9ZDbVKnKE1g_XFFKSs0,BRO,0.04,HERON,7349934.8,2025-06-05 17:55:18
k:7b9c8a048b89df9b3bc57d6e133381b094030c93fa3b1dfb3b653a42b0c1d50e,https://explorer.kadena.io/mainnet/transaction/LJFkTh09gPdPFgxMxqqTPtr4ZK8PFigH7lCY0pQHFZg,BRO,0.02,HERON,7039076.9,2025-06-05 17:55:17
k:7b9c8a048b89df9b3bc57d6e133381b094030c93fa3b1dfb3b653a42b0c1d50e,https://explorer.kadena.io/mainnet/transaction/kz_LA68QeuazZ4zpRVefxXGd8i0LENCCZ4_1SpRwBxs,BRO,0.12,HERON,7895096.4,2025-06-05 17:55:18
k:7b9c8a048b89df9b3bc57d6e133381b094030c93fa3b1dfb3b653a42b0c1d50e,https://explorer.kadena.io/mainnet/transaction/m3L34eK6MAmoNlLvPxuibvsN_oHnrfWwgJxxGAlu3wM,BRO,0.0199,HERON,7557647.9,2025-06-05 17:57:33
k:7b9c8a048b89df9b3bc57d6e133381b094030c93fa3b1dfb3b653a42b0c1d50e,https://explorer.kadena.io/mainnet/transaction/3FOYHzZYEA_biJmF5tK2ZtXPr2rk5efhu0ouzP8psy4,KDA,1795.203,BRO,0.0111,2025-06-05 17:57:29
k:7b9c8a048b89df9b3bc57d6e133381b094030c93fa3b1dfb3b653a42b0c1d50e,https://explorer.kadena.io/mainnet/transaction/bsv1i_9Hxyle-ke9hWUBZ2tUYyNnuXhRUPL2_H19ODk,KDA,1621.1607,BRO,0.0247,2025-06-05 17:57:29
k:7b9c8a048b89df9b3bc57d6e133381b094030c93fa3b1dfb3b653a42b0c1d50e,https://explorer.kadena.io/mainnet/transaction/YjlEMR9GADX5h6FWq8OVjoB3z2ijQz5verpyNgnZTRU,KDA,1712.8229,BRO,0.0116,2025-06-05 17:57:29
k:7b9c8a048b89df9b3bc57d6e133381b094030c93fa3b1dfb3b653a42b0c1d50e,https://explorer.kadena.io/mainnet/transaction/6BkqAKYvBhVkciuZ5Qibco6UpQg2xUZ6LNmuOoginMM,KDA,1767.7937,BRO,0.0113,2025-06-05 17:57:29
k:7b9c8a048b89df9b3bc57d6e133381b094030c93fa3b1dfb3b653a42b0c1d50e,https://explorer.kadena.io/mainnet/transaction/WKzG8nJSDIcw3zlhISc4895WMLuBp51QKGYjS0L0pbs,HERON,8149702.0,BRO,0.0122,2025-06-05 18:04:38
k:7b9c8a048b89df9b3bc57d6e133381b094030c93fa3b1dfb3b653a42b0c1d50e,https://explorer.kadena.io/mainnet/transaction/PptJkEJUww4el_7zl_ghoh4PcXkwhJgHjTuQ3OnANQw,BRO,0.0186,HERON,8528130.6,2025-06-05 18:04:37
k:7b9c8a048b89df9b3bc57d6e133381b094030c93fa3b1dfb3b653a42b0c1d50e,https://explorer.kadena.io/mainnet/transaction/M2KEnBHZhTVyj1PCdnFgwtDfOvQ_Xjp0nN7AvrKXnwc,BRO,0.117,HERON,9565233.4,2025-06-05 18:04:37
k:7b9c8a048b89df9b3bc57d6e133381b094030c93fa3b1dfb3b653a42b0c1d50e,https://explorer.kadena.io/mainnet/transaction/G9nt6tLKoAm4JX84d9nnshxbIEHAxEc2p1bDQIsTWt0,KDA,2025.7263,BRO,0.00987,2025-06-05 18:04:34
k:7b9c8a048b89df9b3bc57d6e133381b094030c93fa3b1dfb3b653a42b0c1d50e,https://explorer.kadena.io/mainnet/transaction/IMIwCFZNENhg1lv8vG8W7vvwnOZNNKbIhR2tGIOZLNk,KDA,1958.2925,BRO,0.0102,2025-06-05 18:06:10
k:7b9c8a048b89df9b3bc57d6e133381b094030c93fa3b1dfb3b653a42b0c1d50e,https://explorer.kadena.io/mainnet/transaction/RsuxR_c0STfeaRwzcNM9HxkIr_xxtRQD_SYA0BonwnY,BRO,0.01,KDA,2047.6875,2025-06-05 18:06:09
k:7b9c8a048b89df9b3bc57d6e133381b094030c93fa3b1dfb3b653a42b0c1d50e,https://explorer.kadena.io/mainnet/transaction/YkzamPMFTWjaN1kbcW2it6KImjAPb9QXBaTESmR4dUM,KDA,1768.4389,BRO,0.0565,2025-06-05 18:06:10
k:7b9c8a048b89df9b3bc57d6e133381b094030c93fa3b1dfb3b653a42b0c1d50e,https://explorer.kadena.io/mainnet/transaction/nndqYXy7_6BCJbGyDYiDNUOOs07fYda48kMs2DD_OHs,BRO,0.01,KDA,2017.9374,2025-06-05 18:06:09
k:7b9c8a048b89df9b3bc57d6e133381b094030c93fa3b1dfb3b653a42b0c1d50e,https://explorer.kadena.io/mainnet/transaction/pbax97Qm3-P9n-GtF6utB1lv_Dii9AZiuF93THsx7Uc,HERON,6880675.6,BRO,0.0292,2025-06-05 18:06:14
k:7b9c8a048b89df9b3bc57d6e133381b094030c93fa3b1dfb3b653a42b0c1d50e,https://explorer.kadena.io/mainnet/transaction/JkFEMD2wEsW6JM77Yhz8ovGl0iRU1ybfaYGbyAX6sIs,BRO,0.0214,HERON,8608320.2,2025-06-05 18:06:13
k:7b9c8a048b89df9b3bc57d6e133381b094030c93fa3b1dfb3b653a42b0c1d50e,https://explorer.kadena.io/mainnet/transaction/_1TxDsJ2NgyyICA8tTAmuabDvx9ZNufpk5HU7dBQ7Us,BRO,0.0189,HERON,8244240.2,2025-06-05 18:06:12
k:7b9c8a048b89df9b3bc57d6e133381b094030c93fa3b1dfb3b653a42b0c1d50e,https://explorer.kadena.io/mainnet/transaction/4DhjWlm_BYlSApzt5gmo2YSH3xfakYJ60B18G29W4oA,BRO,0.02,HERON,8365783.5,2025-06-05 18:06:12
k:7b9c8a048b89df9b3bc57d6e133381b094030c93fa3b1dfb3b653a42b0c1d50e,https://explorer.kadena.io/mainnet/transaction/y_HiJHHgSqhCsEDXeaBEyhaV2SAsfmkAKMj3VQAV8e4,BRO,0.0186,HERON,8738293.1,2025-06-05 18:07:32
k:7b9c8a048b89df9b3bc57d6e133381b094030c93fa3b1dfb3b653a42b0c1d50e,https://explorer.kadena.io/mainnet/transaction/Y0EdNzT_rtJK0K0xfn_P8MqA-PFKb3wd7e42fq_7L-8,KDA,1987.8598,BRO,0.01,2025-06-05 18:07:29
k:7b9c8a048b89df9b3bc57d6e133381b094030c93fa3b1dfb3b653a42b0c1d50e,https://explorer.kadena.io/mainnet/transaction/49mFEuyXgmZCAKfivRyLIufSHg3SGp-t2dXij0rAe4Q,BRO,0.06,KDA,2419.3829,2025-06-05 20:37:04
k:7b9c8a048b89df9b3bc57d6e133381b094030c93fa3b1dfb3b653a42b0c1d50e,https://explorer.kadena.io/mainnet/transaction/vcWF4xfGkRo-EBH5XJfVfA21Wac_a2iMjF5WnGGEdLQ,KDA,1922.6794,BRO,0.0209,2025-06-05 20:37:05
k:7b9c8a048b89df9b3bc57d6e133381b094030c93fa3b1dfb3b653a42b0c1d50e,https://explorer.kadena.io/mainnet/transaction/Z2IYJLlR-Jjz8u71488eK-yS5RQBtpYsgIL5GDS0aEo,KDA,2031.3898,BRO,0.00984,2025-06-05 20:37:05
k:7b9c8a048b89df9b3bc57d6e133381b094030c93fa3b1dfb3b653a42b0c1d50e,https://explorer.kadena.io/mainnet/transaction/wNa24AYgVHKPUE6zzBU03OKVv_DKYeZuKQwZ7aFWo0o,KDA,2096.5846,BRO,0.00953,2025-06-05 20:37:05
k:7b9c8a048b89df9b3bc57d6e133381b094030c93fa3b1dfb3b653a42b0c1d50e,https://explorer.kadena.io/mainnet/transaction/kG41_9X4x162NGvD40gm-09UpePPzDtApk73ex9MOrE,BRO,0.01,KDA,2193.9388,2025-06-05 20:37:04
k:7b9c8a048b89df9b3bc57d6e133381b094030c93fa3b1dfb3b653a42b0c1d50e,https://explorer.kadena.io/mainnet/transaction/iInTLwamIKy-12xbykEh92rcFGleO9u1pA5UejJZWhA,KDA,2129.0918,BRO,0.00939,2025-06-05 20:37:05
k:7b9c8a048b89df9b3bc57d6e133381b094030c93fa3b1dfb3b653a42b0c1d50e,https://explorer.kadena.io/mainnet/transaction/zq-Pyfw-lcANUBwJixNsIZc3d05TqUpgCXYq3JlvY1E,BRO,0.01,KDA,2290.827,2025-06-05 20:37:04
k:7b9c8a048b89df9b3bc57d6e133381b094030c93fa3b1dfb3b653a42b0c1d50e,https://explorer.kadena.io/mainnet/transaction/exp0_cTZd3Au_3WwH8XbLyRFQ500b17vTW6WWU9xRmM,BRO,0.04,HERON,9359124.8,2025-06-05 20:37:09
k:7b9c8a048b89df9b3bc57d6e133381b094030c93fa3b1dfb3b653a42b0c1d50e,https://explorer.kadena.io/mainnet/transaction/KJoN3PF-Td4jKzoBMn97FIVhB615rt1Ov9fTeJ2FlmY,HERON,8698358.9,BRO,0.0114,2025-06-05 20:37:10
k:7b9c8a048b89df9b3bc57d6e133381b094030c93fa3b1dfb3b653a42b0c1d50e,https://explorer.kadena.io/mainnet/transaction/HsMxUPTXC2OJ7gdUfuZguQFCVfg0MbLniDMs3N8cARk,HERON,8299199.8,BRO,0.0172,2025-06-05 20:37:11
k:7b9c8a048b89df9b3bc57d6e133381b094030c93fa3b1dfb3b653a42b0c1d50e,https://explorer.kadena.io/mainnet/transaction/VaOhixhhzYmpcouxV3sm_U_pjhcVRvj65kijsvUgHoo,BRO,0.00229,HERON,10053313.0,2025-06-05 20:37:09
k:7b9c8a048b89df9b3bc57d6e133381b094030c93fa3b1dfb3b653a42b0c1d50e,https://explorer.kadena.io/mainnet/transaction/z-RtrdxIGXsQRqBIIK3R6aqQbIKidfVbWDOYJrP3tSA,HERON,8565551.8,BRO,0.0116,2025-06-05 20:37:11
k:7b9c8a048b89df9b3bc57d6e133381b094030c93fa3b1dfb3b653a42b0c1d50e,https://explorer.kadena.io/mainnet/transaction/SfSqogE30j3BOYVC2iPiv2lZJzFeCSgptPVkhf_t7Dg,BRO,0.02,HERON,9095434.4,2025-06-05 20:37:09
k:7b9c8a048b89df9b3bc57d6e133381b094030c93fa3b1dfb3b653a42b0c1d50e,https://explorer.kadena.io/mainnet/transaction/M4UsYe1oAc6lEVsh3KzgXgDWI7DolP0_xKDZPAdtdWw,BRO,0.018,HERON,8963290.3,2025-06-05 20:37:09
k:7b9c8a048b89df9b3bc57d6e133381b094030c93fa3b1dfb3b653a42b0c1d50e,https://explorer.kadena.io/mainnet/transaction/Gm8BtmsfcwgJj6RRLK4VfYfDIX--WPqxcH0yXs-PHrU,BRO,0.00999,KDA,2226.2837,2025-06-05 20:37:52
k:7b9c8a048b89df9b3bc57d6e133381b094030c93fa3b1dfb3b653a42b0c1d50e,https://explorer.kadena.io/mainnet/transaction/G-YfKrKnq-C8RoLVzybg0N2E2bVRNpDbK3IryzCgb9w,HERON,7468002.1,BRO,0.0134,2025-06-05 20:39:07
k:7b9c8a048b89df9b3bc57d6e133381b094030c93fa3b1dfb3b653a42b0c1d50e,https://explorer.kadena.io/mainnet/transaction/1JC3N06N2l6wHnE0b6JXdN0Cy0ElzwJ6rCP8yvey6VY,KDA,1919.3908,BRO,0.0103,2025-06-05 20:39:03
k:7b9c8a048b89df9b3bc57d6e133381b094030c93fa3b1dfb3b653a42b0c1d50e,https://explorer.kadena.io/mainnet/transaction/SOQv6phi5USLLGnruohDOdAY3Vnd7Fad0rDWOq6wBlI,BRO,0.0181,HERON,8914158.2,2025-06-05 20:40:09
k:7b9c8a048b89df9b3bc57d6e133381b094030c93fa3b1dfb3b653a42b0c1d50e,https://explorer.kadena.io/mainnet/transaction/P-iOplgfAbRQsBY8NYigTah7WwqzvnemppoYazjbwtU,KDA,2117.4212,BRO,0.00944,2025-06-05 20:40:07
k:7b9c8a048b89df9b3bc57d6e133381b094030c93fa3b1dfb3b653a42b0c1d50e,https://explorer.kadena.io/mainnet/transaction/uoXRSgdWdjvgen0zfNXe-OC7wkx7yXSJ5zovi3dFeAY,BRO,0.00999,KDA,2181.9128,2025-06-05 20:40:06
k:7b9c8a048b89df9b3bc57d6e133381b094030c93fa3b1dfb3b653a42b0c1d50e,https://explorer.kadena.io/mainnet/transaction/Mxrm2ARd4r4Pq4rYaAKb2eFcrykB_1cLRM2M-zR7ZlA,HERON,8277911.4,BRO,0.00543,2025-06-05 20:39:54
k:7b9c8a048b89df9b3bc57d6e133381b094030c93fa3b1dfb3b653a42b0c1d50e,https://explorer.kadena.io/mainnet/transaction/aWWleuwzD-FQT-SFyA7z_NXeF1ssdtK2usuSnoUEKuE,HERON,8649425.0,BRO,0.0114,2025-06-05 20:40:30
k:7b9c8a048b89df9b3bc57d6e133381b094030c93fa3b1dfb3b653a42b0c1d50e,https://explorer.kadena.io/mainnet/transaction/ZZffs01eJPIlMbUD8mmpCN_lUWfxDusx8dNsmodtKx4,KDA,2051.9395,BRO,0.0195,2025-06-05 20:45:55
k:7b9c8a048b89df9b3bc57d6e133381b094030c93fa3b1dfb3b653a42b0c1d50e,https://explorer.kadena.io/mainnet/transaction/8kO9tRanN3CvsnVbsAp69NLl0NYV-3ywLv2rPnlGp_k,KDA,2237.5361,BRO,0.00893,2025-06-05 20:45:55
k:7b9c8a048b89df9b3bc57d6e133381b094030c93fa3b1dfb3b653a42b0c1d50e,https://explorer.kadena.io/mainnet/transaction/64EflQBnJ4ZA1KaWuWpmSVr6NbOCJQCveYecFnl32Ro,HERON,9141406.2,BRO,0.0109,2025-06-05 20:46:01
k:7b9c8a048b89df9b3bc57d6e133381b094030c93fa3b1dfb3b653a42b0c1d50e,https://explorer.kadena.io/mainnet/transaction/zRPuvIJW919GhhAmlsNaqiaw6D5JlHu7flKKJZIxbas,BRO,0.06,KDA,2582.0359,2025-06-05 20:45:54
k:7b9c8a048b89df9b3bc57d6e133381b094030c93fa3b1dfb3b653a42b0c1d50e,https://explorer.kadena.io/mainnet/transaction/j7O1-gvXAC-8pa1D6RzTQOLTUSC814gdAvkG70fVFOg,BRO,0.109,HERON,10729188.0,2025-06-05 20:45:59
k:7b9c8a048b89df9b3bc57d6e133381b094030c93fa3b1dfb3b653a42b0c1d50e,https://explorer.kadena.io/mainnet/transaction/8xan-PnkooCkveIPis0h5YMEk4VHNM856QaCAE2rI_o,HERON,8857147.6,BRO,0.0112,2025-06-05 20:46:01
k:7b9c8a048b89df9b3bc57d6e133381b094030c93fa3b1dfb3b653a42b0c1d50e,https://explorer.kadena.io/mainnet/transaction/5HEcxOVMkxxbWNPwzepGnvkqWvXzKEVJzWdjh9phNhA,BRO,0.01,KDA,2341.4354,2025-06-05 20:45:54
k:7b9c8a048b89df9b3bc57d6e133381b094030c93fa3b1dfb3b653a42b0c1d50e,https://explorer.kadena.io/mainnet/transaction/zuJdw0U8Uh_FD0j9OP49PPdZZRUg-8HTDfYqf-7iugw,KDA,2167.9584,BRO,0.00922,2025-06-05 20:45:55
k:7b9c8a048b89df9b3bc57d6e133381b094030c93fa3b1dfb3b653a42b0c1d50e,https://explorer.kadena.io/mainnet/transaction/Ahm88RjlQNqU15QTz9GKgMW50JZpS1g_FyGLlTVUuAs,BRO,0.0377,HERON,9988330.4,2025-06-05 20:45:59
k:7b9c8a048b89df9b3bc57d6e133381b094030c93fa3b1dfb3b653a42b0c1d50e,https://explorer.kadena.io/mainnet/transaction/fNKWcwZRwtgP8ywK2D46o3baCaTfd52JlZJ28JKTtt4,KDA,2272.2287,BRO,0.0088,2025-06-05 20:45:55
k:7b9c8a048b89df9b3bc57d6e133381b094030c93fa3b1dfb3b653a42b0c1d50e,https://explorer.kadena.io/mainnet/transaction/24G5EyAl02KRZlMpNFuZkt2pryr4Xl5QOaWuQkCwlok,BRO,0.01,KDA,2375.9547,2025-06-05 20:45:54
k:7b9c8a048b89df9b3bc57d6e133381b094030c93fa3b1dfb3b653a42b0c1d50e,https://explorer.kadena.io/mainnet/transaction/81cKlyRrbAT9jEwD7YbRKyhcpGG0YvwdyvLcQpt6mUE,BRO,0.02,HERON,9706912.4,2025-06-05 20:45:58
k:7b9c8a048b89df9b3bc57d6e133381b094030c93fa3b1dfb3b653a42b0c1d50e,https://explorer.kadena.io/mainnet/transaction/jNzIQi9uWROfHDJO5VmccNwLRRqcBWzNyWThV1qoXMs,HERON,9283141.9,BRO,0.0107,2025-06-05 20:46:00
k:7b9c8a048b89df9b3bc57d6e133381b094030c93fa3b1dfb3b653a42b0c1d50e,https://explorer.kadena.io/mainnet/transaction/FJeAHLpv_--Zd5HXUbxm3x-SwqQ9HQwQMrov-DFJ_Fw,BRO,0.00999,KDA,2440.875,2025-06-05 20:46:55
k:7b9c8a048b89df9b3bc57d6e133381b094030c93fa3b1dfb3b653a42b0c1d50e,https://explorer.kadena.io/mainnet/transaction/ccnaccYfk-F3GKiaPr4C9KS0iLq-NpdXKKaMwrKp29A,HERON,8842793.2,BRO,0.00523,2025-06-05 20:46:59
k:7b9c8a048b89df9b3bc57d6e133381b094030c93fa3b1dfb3b653a42b0c1d50e,https://explorer.kadena.io/mainnet/transaction/-gu8-9BfcDXvYiHAJQHvHBqdhjJ7yUzMlYQexc5TCE4,BRO,0.0173,HERON,9550381.3,2025-06-05 20:46:58
k:7b9c8a048b89df9b3bc57d6e133381b094030c93fa3b1dfb3b653a42b0c1d50e,https://explorer.kadena.io/mainnet/transaction/UxsyOJ8ZCPKZhv_oh_4kw51YA0xaSkVP0LXKlVlUNfc,KDA,2038.8254,BRO,0.00987,2025-06-05 20:47:36
k:7b9c8a048b89df9b3bc57d6e133381b094030c93fa3b1dfb3b653a42b0c1d50e,https://explorer.kadena.io/mainnet/transaction/DChI_42bLW0inmJ05Fzs3U_bZMnwjUadiCaGiPLvkh8,HERON,9223813.0,BRO,0.0107,2025-06-05 20:47:39
k:7b9c8a048b89df9b3bc57d6e133381b094030c93fa3b1dfb3b653a42b0c1d50e,https://explorer.kadena.io/mainnet/transaction/E5RsJKWrEuUdWMhAlaWr9fjwYP3hkW3Vrtsm3QVf34o,BRO,0.0174,HERON,9490065.1,2025-06-05 20:47:43
k:7b9c8a048b89df9b3bc57d6e133381b094030c93fa3b1dfb3b653a42b0c1d50e,https://explorer.kadena.io/mainnet/transaction/lLD4i8KnzQFUmUbCkK8d_cJgeWIqsmlH4RS7vyp4qAU,KDA,2257.7068,BRO,0.00885,2025-06-05 20:47:36
k:7b9c8a048b89df9b3bc57d6e133381b094030c93fa3b1dfb3b653a42b0c1d50e,https://explorer.kadena.io/mainnet/transaction/pa2VMc0Iv-BzTC4kQaM7VBJ3L9-nYP_rVyGGUjlWAgk,BRO,0.01,KDA,2322.8772,2025-06-05 20:48:15
k:7b9c8a048b89df9b3bc57d6e133381b094030c93fa3b1dfb3b653a42b0c1d50e,https://explorer.kadena.io/mainnet/transaction/9u0UvPKf66r8VJIO-zJ1CWbxAyVQWWGXbJUTQd5GipI,KDA,1994.7973,BRO,0.01,2025-06-05 18:04:34
k:7b9c8a048b89df9b3bc57d6e133381b094030c93fa3b1dfb3b653a42b0c1d50e,https://explorer.kadena.io/mainnet/transaction/wpZqrIR-FQ-ozcI9umzYbFR6zoRrakBRaL4HBJpPI5A,HERON,8276061.5,BRO,0.012,2025-06-05 18:04:38
k:7b9c8a048b89df9b3bc57d6e133381b094030c93fa3b1dfb3b653a42b0c1d50e,https://explorer.kadena.io/mainnet/transaction/ApY5J6lfKaQB19y7FRYHtszHj7JLmXGhY7IJxokzLFw,BRO,0.01,KDA,2521.9562,2025-06-06 11:49:28
k:7b9c8a048b89df9b3bc57d6e133381b094030c93fa3b1dfb3b653a42b0c1d50e,https://explorer.kadena.io/mainnet/transaction/eGrf7PSQjdMu-XBqbg1yc2cbEfXJ2xICZazU2sStL5U,KDA,2411.8563,BRO,0.00829,2025-06-06 11:49:29
k:7b9c8a048b89df9b3bc57d6e133381b094030c93fa3b1dfb3b653a42b0c1d50e,https://explorer.kadena.io/mainnet/transaction/CXXg1Z93Mh9qMPH6-2s_Y9xClzl5Es38AccZKhO2Nrc,BRO,0.01,KDA,2485.3157,2025-06-06 11:49:28
k:7b9c8a048b89df9b3bc57d6e133381b094030c93fa3b1dfb3b653a42b0c1d50e,https://explorer.kadena.io/mainnet/transaction/LN6Q_d1H6WcVOQaDKh8D0qkwKLWXEnqFbweoeEEtTmA,KDA,2178.0303,BRO,0.0275,2025-06-06 11:49:29
k:7b9c8a048b89df9b3bc57d6e133381b094030c93fa3b1dfb3b653a42b0c1d50e,https://explorer.kadena.io/mainnet/transaction/BWBeOhkeHpq3ilymC5MPLLFWjw4VZvifDN4LKf9CgUs,KDA,2375.0319,BRO,0.00842,2025-06-06 11:49:29
k:7b9c8a048b89df9b3bc57d6e133381b094030c93fa3b1dfb3b653a42b0c1d50e,https://explorer.kadena.io/mainnet/transaction/EjNLz9IG7nqP6jvryy0vChiM8IaJlNBOwQQznxFD0Os,BRO,0.06,KDA,2740.701,2025-06-06 11:49:28
k:7b9c8a048b89df9b3bc57d6e133381b094030c93fa3b1dfb3b653a42b0c1d50e,https://explorer.kadena.io/mainnet/transaction/F8BAKcOI20lsOsHGCNWZo8zwiureEJpLt7aVXGUKTWg,BRO,0.00999,KDA,2590.7716,2025-06-06 11:49:59
k:7b9c8a048b89df9b3bc57d6e133381b094030c93fa3b1dfb3b653a42b0c1d50e,https://explorer.kadena.io/mainnet/transaction/aFIq6OxdQ-CL4WWTBXBFU0RwDgeQLEELLoHHtTtRR-E,BRO,0.0014,HERON,8492094.5,2025-06-05 18:07:31
k:7b9c8a048b89df9b3bc57d6e133381b094030c93fa3b1dfb3b653a42b0c1d50e,https://explorer.kadena.io/mainnet/transaction/m7Eu4EY1fL2shLdVCi2VQS9TErmGrlXZI-IVE6ezsYg,BRO,0.01,KDA,2078.6045,2025-06-05 18:07:28
k:7b9c8a048b89df9b3bc57d6e133381b094030c93fa3b1dfb3b653a42b0c1d50e,https://explorer.kadena.io/mainnet/transaction/8c9NswD_rHRM-VrWYyn5MFsT-1Hl4a20SjpQkx3eMfA,HERON,8121358.8,BRO,0.0123,2025-06-05 18:07:33
k:7b9c8a048b89df9b3bc57d6e133381b094030c93fa3b1dfb3b653a42b0c1d50e,https://explorer.kadena.io/mainnet/transaction/yRnqx-IdusIcVt64K_oixKPCKxOMTmL-NYcYh1ao_Jc,BRO,0.0188,HERON,8368716.1,2025-06-05 18:08:27
k:7b9c8a048b89df9b3bc57d6e133381b094030c93fa3b1dfb3b653a42b0c1d50e,https://explorer.kadena.io/mainnet/transaction/5tf0GyroKmmg-sBfi2ZodaefWS6wIgSLnFNKd8XWzL8,HERON,6984563.6,BRO,0.0144,2025-06-05 18:08:28
k:7b9c8a048b89df9b3bc57d6e133381b094030c93fa3b1dfb3b653a42b0c1d50e,https://explorer.kadena.io/mainnet/transaction/jTiu0Cz9AWtCIR1skgu-FjxMJkvoFnH6OEgmVEbqgvg,KDA,1795.1397,BRO,0.0446,2025-06-05 18:08:25
k:7b9c8a048b89df9b3bc57d6e133381b094030c93fa3b1dfb3b653a42b0c1d50e,https://explorer.kadena.io/mainnet/transaction/_7ABq43lW90vfJmW_JDLpvka4a2u4jFjklwcLw68Zyc,BRO,0.02,HERON,10303398.0,2025-06-06 11:49:32
k:7b9c8a048b89df9b3bc57d6e133381b094030c93fa3b1dfb3b653a42b0c1d50e,https://explorer.kadena.io/mainnet/transaction/U_nO6CGq_nwIfgLy3wduaO0ucaZajxTgKEzors_Wlr4,BRO,0.04,HERON,10584542.0,2025-06-06 11:50:02
k:7b9c8a048b89df9b3bc57d6e133381b094030c93fa3b1dfb3b653a42b0c1d50e,https://explorer.kadena.io/mainnet/transaction/PSvDyy9qG3a9j5ToZV-UvVXh9FYMDhR43mLF1Y5Mjno,KDA,2159.899,BRO,0.00931,2025-06-06 11:52:15
k:7b9c8a048b89df9b3bc57d6e133381b094030c93fa3b1dfb3b653a42b0c1d50e,https://explorer.kadena.io/mainnet/transaction/uFLv7c3f-E65bma_yxZZV-KAqAZuvhiWHalzxIiiLJc,KDA,2391.7784,BRO,0.00836,2025-06-06 11:52:15
k:7b9c8a048b89df9b3bc57d6e133381b094030c93fa3b1dfb3b653a42b0c1d50e,https://explorer.kadena.io/mainnet/transaction/FjZU67-cGdKswmIi0MYwskkiOeYezo8TkV2Yx1ZQCaY,HERON,8403776.0,BRO,0.0119,2025-06-06 11:52:19
k:7b9c8a048b89df9b3bc57d6e133381b094030c93fa3b1dfb3b653a42b0c1d50e,https://explorer.kadena.io/mainnet/transaction/NMr5QfEOiOBzABcHkorGNnG5Mc0F57gSLNPVONFnNlk,HERON,9771559.6,BRO,0.0102,2025-06-06 11:52:19
k:7b9c8a048b89df9b3bc57d6e133381b094030c93fa3b1dfb3b653a42b0c1d50e,https://explorer.kadena.io/mainnet/transaction/ZQdu5unposODEo1qV7sgEO9DYvfvF3AvKrUuBRIWZnc,BRO,0.01,KDA,2464.6263,2025-06-06 11:52:14
k:7b9c8a048b89df9b3bc57d6e133381b094030c93fa3b1dfb3b653a42b0c1d50e,https://explorer.kadena.io/mainnet/transaction/jRy8JKev87VN2ZXN2w96Rk5S52wIDMgmAZDUFWcFcxQ,BRO,0.0168,HERON,10069178.0,2025-06-06 11:52:17
k:7b9c8a048b89df9b3bc57d6e133381b094030c93fa3b1dfb3b653a42b0c1d50e,https://explorer.kadena.io/mainnet/transaction/yMqIhs2ckgKiEAshSo5-oLTtcgusJqFunLzg-ZmuflY,BRO,0.0032,HERON,10174744.0,2025-06-06 12:06:57
k:7b9c8a048b89df9b3bc57d6e133381b094030c93fa3b1dfb3b653a42b0c1d50e,https://explorer.kadena.io/mainnet/transaction/QCH5ZPpF5J6obq6XrtKq32hrAn1GrYJNVDFhf5yExOw,BRO,0.01,KDA,2420.2974,2025-06-06 12:06:53
k:7b9c8a048b89df9b3bc57d6e133381b094030c93fa3b1dfb3b653a42b0c1d50e,https://explorer.kadena.io/mainnet/transaction/rJmKi6s7wJfaZngSMdOYXlHwDb-WNCmFi-Q3LuhYRn8,BRO,0.02,HERON,9888073.5,2025-06-06 12:06:57
k:7b9c8a048b89df9b3bc57d6e133381b094030c93fa3b1dfb3b653a42b0c1d50e,https://explorer.kadena.io/mainnet/transaction/ou1apMGmw57txrlCFUVWtZw3DRDb7SZlT7zt3tsSeBo,BRO,0.01,KDA,2385.1338,2025-06-06 12:06:53
k:7b9c8a048b89df9b3bc57d6e133381b094030c93fa3b1dfb3b653a42b0c1d50e,https://explorer.kadena.io/mainnet/transaction/IQIuhhXmr8JKHZQ2S0s80UghlbuLtPW80FwYYfAlA5E,BRO,0.0171,HERON,9744413.4,2025-06-06 12:06:57
k:7b9c8a048b89df9b3bc57d6e133381b094030c93fa3b1dfb3b653a42b0c1d50e,https://explorer.kadena.io/mainnet/transaction/H06L0CMdAAg0RetId-vpsnObNsJeoA_kRnAnwzRBSK8,KDA,2279.2955,BRO,0.00877,2025-06-06 12:06:54
k:7b9c8a048b89df9b3bc57d6e133381b094030c93fa3b1dfb3b653a42b0c1d50e,https://explorer.kadena.io/mainnet/transaction/FtvgCMki3HBAriM7BOb-GW7Yu1IpY84znxD-ABoKBPY,KDA,2314.6355,BRO,0.00864,2025-06-06 12:06:54
k:7b9c8a048b89df9b3bc57d6e133381b094030c93fa3b1dfb3b653a42b0c1d50e,https://explorer.kadena.io/mainnet/transaction/ve4PdL_MKBzi8fgCqQ71rfqtAwXuO9sEt_VhZr7NqUk,BRO,0.0499,KDA,2630.2247,2025-06-06 12:06:53
k:7b9c8a048b89df9b3bc57d6e133381b094030c93fa3b1dfb3b653a42b0c1d50e,https://explorer.kadena.io/mainnet/transaction/oF35KksaNZWPLwPhiiOCfJdwfSyLWmthPEmfKwBZMJA,KDA,2090.235,BRO,0.0286,2025-06-06 12:06:54
k:7b9c8a048b89df9b3bc57d6e133381b094030c93fa3b1dfb3b653a42b0c1d50e,https://explorer.kadena.io/mainnet/transaction/0mAjdAdiJJk6Y18TA1FuS4JxSC3mpY3cONzVYibFdik,HERON,8132726.1,BRO,0.018,2025-06-06 12:06:59
k:7b9c8a048b89df9b3bc57d6e133381b094030c93fa3b1dfb3b653a42b0c1d50e,https://explorer.kadena.io/mainnet/transaction/fFuqVNgdWrc4IPFOIPQgp4NPeisuBYz4CHJr40cSuj4,HERON,9486937.0,BRO,0.0105,2025-06-06 12:08:07
k:7b9c8a048b89df9b3bc57d6e133381b094030c93fa3b1dfb3b653a42b0c1d50e,https://explorer.kadena.io/mainnet/transaction/r5-WDFGTij7UqnLq2rwEZvlZZU98s6aZyI5KJX8WykI,HERON,9342089.7,BRO,0.0107,2025-06-06 12:08:07
k:7b9c8a048b89df9b3bc57d6e133381b094030c93fa3b1dfb3b653a42b0c1d50e,https://explorer.kadena.io/mainnet/transaction/mNzLe-CJua8l6WWfx6MNoNod-QaMhPbFTlPK48MmqKE,BRO,0.0102,HERON,9775886.5,2025-06-06 12:08:06
k:7b9c8a048b89df9b3bc57d6e133381b094030c93fa3b1dfb3b653a42b0c1d50e,https://explorer.kadena.io/mainnet/transaction/v-ZK_5yByXSrOqYCNcRhG4fLm0CAAWZtTQ_-ClLB7kE,BRO,0.0599,KDA,3008.8035,2025-06-06 12:08:55
k:7b9c8a048b89df9b3bc57d6e133381b094030c93fa3b1dfb3b653a42b0c1d50e,https://explorer.kadena.io/mainnet/transaction/VELkYwEG9FC-UFFSjU3SwU0rZcTnQJnV6kGamJ_GVE8,BRO,0.01,KDA,2848.9282,2025-06-06 12:08:55
k:7b9c8a048b89df9b3bc57d6e133381b094030c93fa3b1dfb3b653a42b0c1d50e,https://explorer.kadena.io/mainnet/transaction/NTM9L7eCuy4UoW2gxkxcdR7-04Xdc-vnDU1OWyftjKM,HERON,9401415.9,BRO,0.0106,2025-06-06 11:49:35
k:7b9c8a048b89df9b3bc57d6e133381b094030c93fa3b1dfb3b653a42b0c1d50e,https://explorer.kadena.io/mainnet/transaction/vaxYJlfFwPZZD_IM7qZbRaXcYedHHCjkeuHwf3gGSU8,HERON,9853587.3,BRO,0.0101,2025-06-06 11:49:34
k:7b9c8a048b89df9b3bc57d6e133381b094030c93fa3b1dfb3b653a42b0c1d50e,https://explorer.kadena.io/mainnet/transaction/24OCzsucrp-_k18qjSGCKb8EF94EMUsu1McYXh2RTG4,BRO,0.105,HERON,11388492.0,2025-06-06 11:49:32
k:7b9c8a048b89df9b3bc57d6e133381b094030c93fa3b1dfb3b653a42b0c1d50e,https://explorer.kadena.io/mainnet/transaction/XFtKaNvlAXIroG2numYTUmf8pvXPMNeeJm1jF4ExIGk,HERON,9703142.0,BRO,0.0103,2025-06-06 11:49:34
k:7b9c8a048b89df9b3bc57d6e133381b094030c93fa3b1dfb3b653a42b0c1d50e,https://explorer.kadena.io/mainnet/transaction/jJ04OKzHqYc-NX8Uqb7BegibAlTkUcnH8V-O1hsQFSs,BRO,0.0167,HERON,10153704.0,2025-06-06 11:49:32
k:7b9c8a048b89df9b3bc57d6e133381b094030c93fa3b1dfb3b653a42b0c1d50e,https://explorer.kadena.io/mainnet/transaction/jVTERprN0X-KaBPw_RoMP8HgkP9wDNsihe0oDvwZSX0,BRO,0.0033,HERON,10217626.0,2025-06-06 11:52:55
k:7b9c8a048b89df9b3bc57d6e133381b094030c93fa3b1dfb3b653a42b0c1d50e,https://explorer.kadena.io/mainnet/transaction/FX2J_kdC6qIPWKwebe08j7HcuOfQzfaUaWZL0B8Xshs,HERON,8158993.6,BRO,0.00553,2025-06-06 12:08:40
k:7b9c8a048b89df9b3bc57d6e133381b094030c93fa3b1dfb3b653a42b0c1d50e,https://explorer.kadena.io/mainnet/transaction/cE77c7NWq2hxq8_c6OtGG04RnRWJ41Qqf5qVW254E3I,BRO,0.01,KDA,2768.6605,2025-06-06 12:08:54
k:7b9c8a048b89df9b3bc57d6e133381b094030c93fa3b1dfb3b653a42b0c1d50e,https://explorer.kadena.io/mainnet/transaction/6PIzJJXoWMsqAtTxSVgxGjFQ5_kT7b8DPBLw9EHyYRU,BRO,0.01,KDA,2728.4357,2025-06-06 12:08:54
k:7b9c8a048b89df9b3bc57d6e133381b094030c93fa3b1dfb3b653a42b0c1d50e,https://explorer.kadena.io/mainnet/transaction/sUqBlr6m14mbMUbmCp4RZBhcnD9VbZsAFIj_CK53hXU,BRO,0.0995,HERON,12502711.0,2025-06-06 12:09:00
k:7b9c8a048b89df9b3bc57d6e133381b094030c93fa3b1dfb3b653a42b0c1d50e,https://explorer.kadena.io/mainnet/transaction/m4sDG_4tZTKrbNStNRdqAT0lIW7-Qphb6itNH7CRD50,BRO,0.04,HERON,11639390.0,2025-06-06 12:09:00
k:7b9c8a048b89df9b3bc57d6e133381b094030c93fa3b1dfb3b653a42b0c1d50e,https://explorer.kadena.io/mainnet/transaction/0keMNGJDluCCiJOC3PuEet2FSv0XCvWXomoOeHD9Tp0,KDA,2607.3637,BRO,0.00767,2025-06-06 12:08:56
k:7b9c8a048b89df9b3bc57d6e133381b094030c93fa3b1dfb3b653a42b0c1d50e,https://explorer.kadena.io/mainnet/transaction/gAjKh-iDOgbI7y7wC37vva1ym5r1bNmpOVo2AtYgw2c,KDA,2391.0909,BRO,0.0334,2025-06-06 12:08:56
k:7b9c8a048b89df9b3bc57d6e133381b094030c93fa3b1dfb3b653a42b0c1d50e,https://explorer.kadena.io/mainnet/transaction/NiqrhYW3ByWW2WHmocuPpUwGkImQSCHGx19NGjzoGTU,BRO,0.01,KDA,2625.2763,2025-06-06 12:10:41
k:7b9c8a048b89df9b3bc57d6e133381b094030c93fa3b1dfb3b653a42b0c1d50e,https://explorer.kadena.io/mainnet/transaction/SCRzn6C0FL904HbLACjAXt-tK68QoKWCfw7BhJ3HdjM,BRO,0.0162,HERON,10725653.0,2025-06-06 12:10:45
k:7b9c8a048b89df9b3bc57d6e133381b094030c93fa3b1dfb3b653a42b0c1d50e,https://explorer.kadena.io/mainnet/transaction/4C6HlinuGM_5RNr2CBZuAWZC9iPjqLlXuPdfaqRqt-M,HERON,9930989.2,BRO,0.0201,2025-06-06 12:10:48
k:7b9c8a048b89df9b3bc57d6e133381b094030c93fa3b1dfb3b653a42b0c1d50e,https://explorer.kadena.io/mainnet/transaction/-aCz8B2bUzEEVbt8DFZC_YLDJMbwpaecSyOwnsCnzPs,HERON,8951672.7,BRO,0.0067,2025-06-06 12:10:48
k:7b9c8a048b89df9b3bc57d6e133381b094030c93fa3b1dfb3b653a42b0c1d50e,https://explorer.kadena.io/mainnet/transaction/TDurBCgzzBTpquZ8KTz4tGX5GskN6pwJZR_jza9Ulxk,BRO,0.02,HERON,10883779.0,2025-06-06 12:10:45
k:7b9c8a048b89df9b3bc57d6e133381b094030c93fa3b1dfb3b653a42b0c1d50e,https://explorer.kadena.io/mainnet/transaction/VzOhFiXqMcrzJJBcXpMKDjW19FwAEtyj1YPYwbmfD4c,BRO,0.0499,KDA,2895.0437,2025-06-06 12:10:41
k:7b9c8a048b89df9b3bc57d6e133381b094030c93fa3b1dfb3b653a42b0c1d50e,https://explorer.kadena.io/mainnet/transaction/w7mW2F-XKYtaeFOIpEIpR2w_FLhb0hoaYFOJY1fCRqk,KDA,2547.68,BRO,0.00785,2025-06-06 12:10:42
k:7b9c8a048b89df9b3bc57d6e133381b094030c93fa3b1dfb3b653a42b0c1d50e,https://explorer.kadena.io/mainnet/transaction/yAZ4PY4JcBkEQqZEeos_m2WXEvs784oLJbY0Xpz0qtQ,KDA,2300.6862,BRO,0.0347,2025-06-06 12:10:42
k:7b9c8a048b89df9b3bc57d6e133381b094030c93fa3b1dfb3b653a42b0c1d50e,https://explorer.kadena.io/mainnet/transaction/8wJbk806VpNh4LTMkDo4EODPJU8ndXdrwLDxcOfYKfk,BRO,0.0042,HERON,11199317.0,2025-06-06 12:10:45
k:7b9c8a048b89df9b3bc57d6e133381b094030c93fa3b1dfb3b653a42b0c1d50e,https://explorer.kadena.io/mainnet/transaction/HDhxD0h20VUfUDnTJQ27Dpv1IzFVtevojIoEE4iMf9c,HERON,9757277.4,BRO,0.0102,2025-06-06 12:38:13
k:7b9c8a048b89df9b3bc57d6e133381b094030c93fa3b1dfb3b653a42b0c1d50e,https://explorer.kadena.io/mainnet/transaction/h5gNcrTT1K9LdjrsXbD9l3x-bcVLvOd-L61E9nZUXgQ,KDA,2526.2858,BRO,0.00791,2025-06-06 12:08:56
k:7b9c8a048b89df9b3bc57d6e133381b094030c93fa3b1dfb3b653a42b0c1d50e,https://explorer.kadena.io/mainnet/transaction/bvOnEAWFCO_choLl2fDABNz-SCpyrQFgN1T0WsLZsEA,KDA,2647.7903,BRO,0.00755,2025-06-06 12:08:56
k:7b9c8a048b89df9b3bc57d6e133381b094030c93fa3b1dfb3b653a42b0c1d50e,https://explorer.kadena.io/mainnet/transaction/SvQF5-gy7JXShXEoECFuuf_4ZjiODwr0nTRsogFSl9Q,BRO,0.0158,HERON,11147114.0,2025-06-06 12:09:00
k:7b9c8a048b89df9b3bc57d6e133381b094030c93fa3b1dfb3b653a42b0c1d50e,https://explorer.kadena.io/mainnet/transaction/xjS1dfE2OLwxUdWECz_U0_k7sItn2rVKhqCyuQGLepg,HERON,10623479.0,BRO,0.00941,2025-06-06 12:09:42
k:7b9c8a048b89df9b3bc57d6e133381b094030c93fa3b1dfb3b653a42b0c1d50e,https://explorer.kadena.io/mainnet/transaction/lMzEzWpu-cAYKGLNMlHHd0zc9qhtQC-DRJuNS5RveII,HERON,10293135.0,BRO,0.0194,2025-06-06 12:09:42
k:7b9c8a048b89df9b3bc57d6e133381b094030c93fa3b1dfb3b653a42b0c1d50e,https://explorer.kadena.io/mainnet/transaction/AsksYf1qYztkSWs_6h-tlaYMkPjZHQuKdZC1Cj_DKHk,HERON,10788194.0,BRO,0.00926,2025-06-06 12:09:42
k:7b9c8a048b89df9b3bc57d6e133381b094030c93fa3b1dfb3b653a42b0c1d50e,https://explorer.kadena.io/mainnet/transaction/swE24KKn30UIwyiHK9p7s4B1Mha3CejB27rBmmpzFhY,HERON,9278106.1,BRO,0.0154,2025-06-06 12:09:43
k:7b9c8a048b89df9b3bc57d6e133381b094030c93fa3b1dfb3b653a42b0c1d50e,https://explorer.kadena.io/mainnet/transaction/FvCpzSqV9-5Hh2OQWHGW6mn8yzPMUY_wdUpcQMBwpFA,BRO,0.02,HERON,11280669.0,2025-06-06 12:09:40
k:7b9c8a048b89df9b3bc57d6e133381b094030c93fa3b1dfb3b653a42b0c1d50e,https://explorer.kadena.io/mainnet/transaction/66UKsVS9D684WZ8mgHvtS_r7RoMX-_QsYOhLJVtBQCU,BRO,0.01,KDA,2663.9803,2025-06-06 12:10:41
k:7b9c8a048b89df9b3bc57d6e133381b094030c93fa3b1dfb3b653a42b0c1d50e,https://explorer.kadena.io/mainnet/transaction/NE3wHe3N-3ITNJda8CSshaSM-TSLxjOlM_iZxNV1ZcA,HERON,10408631.0,BRO,0.0096,2025-06-06 12:10:47
k:7b9c8a048b89df9b3bc57d6e133381b094030c93fa3b1dfb3b653a42b0c1d50e,https://explorer.kadena.io/mainnet/transaction/r3iceq8_1tRC_8oTCKbA3S5zvBRP0e8HLcQQ1aHkUIw,KDA,2433.9763,BRO,0.00821,2025-06-06 12:11:17
k:7b9c8a048b89df9b3bc57d6e133381b094030c93fa3b1dfb3b653a42b0c1d50e,https://explorer.kadena.io/mainnet/transaction/KRGw1XHEc7flBF6tRPmNnNGG4DLF2IpErsq23DcrQKI,HERON,10263233.0,BRO,0.00403,2025-06-06 12:11:20
k:7b9c8a048b89df9b3bc57d6e133381b094030c93fa3b1dfb3b653a42b0c1d50e,https://explorer.kadena.io/mainnet/transaction/rHMcQQ0e6KRfVCYF3XWIEUVWKl-SgJJSLzVUSR5fE6Q,BRO,0.0166,HERON,10210353.0,2025-06-06 12:38:11
k:7b9c8a048b89df9b3bc57d6e133381b094030c93fa3b1dfb3b653a42b0c1d50e,https://explorer.kadena.io/mainnet/transaction/6RxS6MNcgFltQyXpnSUdrlfXqvJbVxSWwTX-J-ycZnQ,BRO,0.01,KDA,2821.8808,2025-06-06 12:39:00
k:7b9c8a048b89df9b3bc57d6e133381b094030c93fa3b1dfb3b653a42b0c1d50e,https://explorer.kadena.io/mainnet/transaction/iIDUmgcgknPe8IX9X5N8JQOF55C5y2SsFL3QAocxsEk,KDA,2483.2956,BRO,0.00805,2025-06-06 12:39:00
k:7b9c8a048b89df9b3bc57d6e133381b094030c93fa3b1dfb3b653a42b0c1d50e,https://explorer.kadena.io/mainnet/transaction/bXkBMLpJStL6-EZGkPx8XYGmCj6iy7KBMchC8Ome5Nk,BRO,0.01,KDA,2596.6568,2025-06-06 12:39:00
k:7b9c8a048b89df9b3bc57d6e133381b094030c93fa3b1dfb3b653a42b0c1d50e,https://explorer.kadena.io/mainnet/transaction/jZdFO5_zqfAbWfFY7tmfol-QaiRTfq98BGaLqONE5HQ,BRO,0.01,KDA,2558.9309,2025-06-06 12:39:00
k:7b9c8a048b89df9b3bc57d6e133381b094030c93fa3b1dfb3b653a42b0c1d50e,https://explorer.kadena.io/mainnet/transaction/gBvuIOMc33I3_hXPEBHrsmPMqau3NJqEkBGXkY8MFFc,BRO,0.01,KDA,2259.2931,2025-06-06 13:49:11
k:7b9c8a048b89df9b3bc57d6e133381b094030c93fa3b1dfb3b653a42b0c1d50e,https://explorer.kadena.io/mainnet/transaction/icg3ijyUHjluKDr9n32zNl3-L28zNRD44iHgD3_TKcc,KDA,1979.9533,BRO,0.0504,2025-06-06 13:49:12
k:7b9c8a048b89df9b3bc57d6e133381b094030c93fa3b1dfb3b653a42b0c1d50e,https://explorer.kadena.io/mainnet/transaction/lrXWd0eUw72wFIYpKJFhZUuh5RO8jOaGdyvpY2Z1Qxk,KDA,2159.0389,BRO,0.00926,2025-06-06 13:49:12
k:7b9c8a048b89df9b3bc57d6e133381b094030c93fa3b1dfb3b653a42b0c1d50e,https://explorer.kadena.io/mainnet/transaction/D4U_GYLf4QM-GmZunyzvOSv9r1IQBKh-pZKnbG1Q6OA,KDA,2192.5144,BRO,0.00912,2025-06-06 13:49:12
k:7b9c8a048b89df9b3bc57d6e133381b094030c93fa3b1dfb3b653a42b0c1d50e,https://explorer.kadena.io/mainnet/transaction/k-8Sx_2eVIqVVPfeYGGSL-CBrnYbrekfLSrwVVaS3gc,BRO,0.0499,KDA,2491.4529,2025-06-06 13:49:11
k:7b9c8a048b89df9b3bc57d6e133381b094030c93fa3b1dfb3b653a42b0c1d50e,https://explorer.kadena.io/mainnet/transaction/-yvH4KxU5jUc015_oFUy5WTHyA2iPANGieg22y1Y9RA,KDA,2091.902,BRO,0.00956,2025-06-06 13:49:12
k:7b9c8a048b89df9b3bc57d6e133381b094030c93fa3b1dfb3b653a42b0c1d50e,https://explorer.kadena.io/mainnet/transaction/GlNt5iaO-D26-jY_p2zjxVi60yc86aR7U5SrLjbop2Q,BRO,0.0177,HERON,9230556.0,2025-06-06 13:49:16
k:7b9c8a048b89df9b3bc57d6e133381b094030c93fa3b1dfb3b653a42b0c1d50e,https://explorer.kadena.io/mainnet/transaction/nf4zZkufeo809ru1sLibFQfcOV4BO904APxMQFrtLls,BRO,0.01,KDA,2359.0674,2025-06-06 13:49:11
k:7b9c8a048b89df9b3bc57d6e133381b094030c93fa3b1dfb3b653a42b0c1d50e,https://explorer.kadena.io/mainnet/transaction/MqlPhxasyAdnIKQifz_1wH9-DnamvRgUx9ZGVqn_hUk,BRO,0.0532,HERON,10353080.0,2025-06-06 13:49:16
k:7b9c8a048b89df9b3bc57d6e133381b094030c93fa3b1dfb3b653a42b0c1d50e,https://explorer.kadena.io/mainnet/transaction/2EtHzVEFC2Fd-keqMuMpZG0ZQ2vzv8qoVov1itHxtVg,BRO,0.02,HERON,9366640.3,2025-06-06 13:49:16
k:7b9c8a048b89df9b3bc57d6e133381b094030c93fa3b1dfb3b653a42b0c1d50e,https://explorer.kadena.io/mainnet/transaction/dEStnqX_r6erMNfnSCsADswRUNJAMoMlUqrDF-ziH6U,BRO,0.01,KDA,2292.6015,2025-06-06 13:49:11
k:7b9c8a048b89df9b3bc57d6e133381b094030c93fa3b1dfb3b653a42b0c1d50e,https://explorer.kadena.io/mainnet/transaction/fSMssV6QLS0U8nmdQY_NGmSLpPLJWP_6GfyTD1vT1ig,BRO,0.04,HERON,9638193.3,2025-06-06 13:49:16
k:7b9c8a048b89df9b3bc57d6e133381b094030c93fa3b1dfb3b653a42b0c1d50e,https://explorer.kadena.io/mainnet/transaction/EHxTbbfZgrnmgDI4np-Np2MsvUMK16D_HePW5_QRDLk,HERON,8957724.9,BRO,0.00446,2025-06-06 13:49:19
k:7b9c8a048b89df9b3bc57d6e133381b094030c93fa3b1dfb3b653a42b0c1d50e,https://explorer.kadena.io/mainnet/transaction/l01mJ3y5PjqGiUL9PbyFxZfmxgIx4y3dWY9VvR5PXNk,HERON,7741322.3,BRO,0.0777,2025-06-06 13:50:39
k:7b9c8a048b89df9b3bc57d6e133381b094030c93fa3b1dfb3b653a42b0c1d50e,https://explorer.kadena.io/mainnet/transaction/JuNjdhXKPqBgTxrqeuT5JSzwh09s2VqAQLhJL6aMXrk,BRO,0.00255,HERON,9685063.8,2025-06-06 13:50:37
k:7b9c8a048b89df9b3bc57d6e133381b094030c93fa3b1dfb3b653a42b0c1d50e,https://explorer.kadena.io/mainnet/transaction/vbLoyXWAwlI9h76a8JxxrK6JUA-waV1lialixtfcx4I,BRO,0.01,KDA,2315.9106,2025-06-06 13:54:45
k:7b9c8a048b89df9b3bc57d6e133381b094030c93fa3b1dfb3b653a42b0c1d50e,https://explorer.kadena.io/mainnet/transaction/f-pSwUpWyo4WXGbfo8tpSJSywBG5c-7HuzzRpS1y3m0,BRO,0.0176,HERON,9327374.3,2025-06-06 13:54:48
k:7b9c8a048b89df9b3bc57d6e133381b094030c93fa3b1dfb3b653a42b0c1d50e,https://explorer.kadena.io/mainnet/transaction/NfsuD1OS4jl4QIj8eRqowKVADDkAkMXJ3_Jm1v96Ayo,BRO,0.01,KDA,2407.3938,2025-06-06 17:35:39
k:7b9c8a048b89df9b3bc57d6e133381b094030c93fa3b1dfb3b653a42b0c1d50e,https://explorer.kadena.io/mainnet/transaction/ORJZ7_04KonFlWvoeu60r9TZ6AojWyvaWW2FqzxlTQ4,BRO,0.0175,HERON,9422648.0,2025-06-06 17:36:39
k:7b9c8a048b89df9b3bc57d6e133381b094030c93fa3b1dfb3b653a42b0c1d50e,https://explorer.kadena.io/mainnet/transaction/chTGRYWNR_5GKYok1xQr9QQqHzRvPl4hVUWBNdzTzrU,BRO,0.0238,HERON,10661260.0,2025-06-06 12:38:11
k:7b9c8a048b89df9b3bc57d6e133381b094030c93fa3b1dfb3b653a42b0c1d50e,https://explorer.kadena.io/mainnet/transaction/Xq_VUPuC6iKhfQb1ejdBFgym6OyItCGGX7YHo07shPI,BRO,0.02,HERON,10360883.0,2025-06-06 12:38:11
k:7b9c8a048b89df9b3bc57d6e133381b094030c93fa3b1dfb3b653a42b0c1d50e,https://explorer.kadena.io/mainnet/transaction/G5uKm6V-GJ0tIZgMEiUVa58d294uOV_NRya0qOwTWGo,BRO,0.01,KDA,2499.1484,2025-06-06 12:38:07
k:7b9c8a048b89df9b3bc57d6e133381b094030c93fa3b1dfb3b653a42b0c1d50e,https://explorer.kadena.io/mainnet/transaction/jZ_DLxFupNRBD7UbBRArgaggu6LsP2aMQS7egJ77TgA,KDA,2190.1528,BRO,0.0456,2025-06-06 12:38:08
k:7b9c8a048b89df9b3bc57d6e133381b094030c93fa3b1dfb3b653a42b0c1d50e,https://explorer.kadena.io/mainnet/transaction/MfRMG3VKOR_HqpnMHo_ergqs3ATLcIknC2PNQujJYC8,BRO,0.0468,HERON,11452031.0,2025-06-06 12:38:11
k:7b9c8a048b89df9b3bc57d6e133381b094030c93fa3b1dfb3b653a42b0c1d50e,https://explorer.kadena.io/mainnet/transaction/XmTlj1ERsHiRoVLrwQgMKyli6BvGUsbILRy1dDgD7Lg,BRO,0.01,KDA,2535.9929,2025-06-06 12:38:07
k:7b9c8a048b89df9b3bc57d6e133381b094030c93fa3b1dfb3b653a42b0c1d50e,https://explorer.kadena.io/mainnet/transaction/Jn_dylyhNt9zIU3nCVJ33n0wcncci72UynJK_h9EwxY,KDA,2388.2508,BRO,0.00837,2025-06-06 12:38:08
k:7b9c8a048b89df9b3bc57d6e133381b094030c93fa3b1dfb3b653a42b0c1d50e,https://explorer.kadena.io/mainnet/transaction/c-TgiSZgY7beJsVJRkgOltT4CgwlKUulhx0xQ2K9rMA,BRO,0.0299,KDA,2755.9551,2025-06-06 12:38:07
k:7b9c8a048b89df9b3bc57d6e133381b094030c93fa3b1dfb3b653a42b0c1d50e,https://explorer.kadena.io/mainnet/transaction/aY6rTeXucVCjOFGGJUCeeE9QgHPU87QdXmg6KnaG86Q,BRO,0.0346,HERON,11785727.0,2025-06-06 12:39:54
k:7b9c8a048b89df9b3bc57d6e133381b094030c93fa3b1dfb3b653a42b0c1d50e,https://explorer.kadena.io/mainnet/transaction/OqCCpH9Vnzr8IKzQsHxdGnlzmhxgk2sgGdY3r0CRYLU,BRO,0.01,KDA,2836.217,2025-06-06 12:39:51
k:7b9c8a048b89df9b3bc57d6e133381b094030c93fa3b1dfb3b653a42b0c1d50e,https://explorer.kadena.io/mainnet/transaction/GZDFn4BWGgALtqBKGznXFNXLn1wfFinLZzg5g5vgnDI,BRO,0.01,KDA,2571.9313,2025-06-06 12:39:50
k:7b9c8a048b89df9b3bc57d6e133381b094030c93fa3b1dfb3b653a42b0c1d50e,https://explorer.kadena.io/mainnet/transaction/pnk8XIDxTYQ0eWwPiR9lD-I-rQH42PNT5IB1SUd3DS4,BRO,0.0042,HERON,10971914.0,2025-06-06 12:39:53
k:7b9c8a048b89df9b3bc57d6e133381b094030c93fa3b1dfb3b653a42b0c1d50e,https://explorer.kadena.io/mainnet/transaction/pVJkE_sltRPln158d22wIr7jsMLR4jn6ghRjkEg6wCM,KDA,2253.9368,BRO,0.0354,2025-06-06 12:39:51
k:7b9c8a048b89df9b3bc57d6e133381b094030c93fa3b1dfb3b653a42b0c1d50e,https://explorer.kadena.io/mainnet/transaction/EwbEilYMNEcLOzWtAbl075C6ajNjXXyktHkmgGapvwo,BRO,0.0164,HERON,10507869.0,2025-06-06 12:39:53
k:7b9c8a048b89df9b3bc57d6e133381b094030c93fa3b1dfb3b653a42b0c1d50e,https://explorer.kadena.io/mainnet/transaction/NrM1ffFV4fhvy1DosQ4oEjWSnrpSlk9tnG2qbkT7Pj0,BRO,0.0038,HERON,10662784.0,2025-06-06 12:39:53
k:7b9c8a048b89df9b3bc57d6e133381b094030c93fa3b1dfb3b653a42b0c1d50e,https://explorer.kadena.io/mainnet/transaction/_dq18HX379tg0p8kl1Cu9CNXRV1woiSGVNN6YTXC84I,HERON,10041591.0,BRO,0.00995,2025-06-06 12:39:55
k:7b9c8a048b89df9b3bc57d6e133381b094030c93fa3b1dfb3b653a42b0c1d50e,https://explorer.kadena.io/mainnet/transaction/D4CxTGnHEpp4r5vMfwdOW4ZB0gE7Tt42jALkCDMxpEk,HERON,8769908.9,BRO,0.00931,2025-06-06 12:39:56
k:7b9c8a048b89df9b3bc57d6e133381b094030c93fa3b1dfb3b653a42b0c1d50e,https://explorer.kadena.io/mainnet/transaction/WpJVpvOnUTn7WLjn9R7LJSdmODGchg19qmu_oYh32cs,HERON,10197284.0,BRO,0.0098,2025-06-06 12:39:55
k:7b9c8a048b89df9b3bc57d6e133381b094030c93fa3b1dfb3b653a42b0c1d50e,https://explorer.kadena.io/mainnet/transaction/ZeOlCx_qCBYiepVhbHFxVRu_GPWMbUAp6vHG9qpbV4o,HERON,9729340.3,BRO,0.0103,2025-06-06 12:39:56
k:7b9c8a048b89df9b3bc57d6e133381b094030c93fa3b1dfb3b653a42b0c1d50e,https://explorer.kadena.io/mainnet/transaction/HwGuX41di3JqbQR3rSwJIOTOWwo8Cwxx4rKItJqfhQI,BRO,0.0374,HERON,9838768.5,2025-06-06 17:35:42
k:7b9c8a048b89df9b3bc57d6e133381b094030c93fa3b1dfb3b653a42b0c1d50e,https://explorer.kadena.io/mainnet/transaction/o8Zjbd7RKTDz-EpjCfg2GU33HITNjRs6_t7XXI1RwrE,BRO,0.02,HERON,9561564.3,2025-06-06 17:36:39
k:7b9c8a048b89df9b3bc57d6e133381b094030c93fa3b1dfb3b653a42b0c1d50e,https://explorer.kadena.io/mainnet/transaction/wHRmIpNfzCyuVgOzNbB_kROwIAkJD6qsFE4a5VNGwQQ,KDA,2480.8224,BRO,0.00806,2025-06-06 18:07:15
k:7b9c8a048b89df9b3bc57d6e133381b094030c93fa3b1dfb3b653a42b0c1d50e,https://explorer.kadena.io/mainnet/transaction/b5Nd9VJ-Q3leKJWVDfJUYfcqUbVLlWXowiYoePyvCJA,BRO,0.01,KDA,2556.3824,2025-06-06 18:07:15
k:7b9c8a048b89df9b3bc57d6e133381b094030c93fa3b1dfb3b653a42b0c1d50e,https://explorer.kadena.io/mainnet/transaction/sPD-oCfw4QHEOIt_SULrUlX4IIxhxbj-QyZdnQYTvVk,BRO,0.0599,KDA,2819.0704,2025-06-06 18:07:15
k:7b9c8a048b89df9b3bc57d6e133381b094030c93fa3b1dfb3b653a42b0c1d50e,https://explorer.kadena.io/mainnet/transaction/9cjegeif6B7dd7I-05NG4-h0dsMcaGdhlaBROHZPXA4,KDA,2366.9799,BRO,0.00844,2025-06-06 18:07:16
k:7b9c8a048b89df9b3bc57d6e133381b094030c93fa3b1dfb3b653a42b0c1d50e,https://explorer.kadena.io/mainnet/transaction/jGHZy9mVaH61EnmrtJDUkmLXgMEHA4NunlBqJfDwLgU,BRO,0.01,KDA,2669.2767,2025-06-06 18:07:15
k:7b9c8a048b89df9b3bc57d6e133381b094030c93fa3b1dfb3b653a42b0c1d50e,https://explorer.kadena.io/mainnet/transaction/e80ZHqZYhsMorzaDHHxQd5eVVFKNBV0BNoun_NaZB3I,KDA,2240.3103,BRO,0.0267,2025-06-06 18:07:16
k:7b9c8a048b89df9b3bc57d6e133381b094030c93fa3b1dfb3b653a42b0c1d50e,https://explorer.kadena.io/mainnet/transaction/ktiqJknmceHJp4RVOHkcp6FCm0BFRqKzdNPenlk7EyA,KDA,2442.9451,BRO,0.00818,2025-06-06 18:07:16
k:7b9c8a048b89df9b3bc57d6e133381b094030c93fa3b1dfb3b653a42b0c1d50e,https://explorer.kadena.io/mainnet/transaction/3JgiNoJ2ebqfrMkxKmL5gNy-kPwV4xkrUkHTjEz4H5A,HERON,9984062.8,BRO,0.01,2025-06-06 18:07:22
k:7b9c8a048b89df9b3bc57d6e133381b094030c93fa3b1dfb3b653a42b0c1d50e,https://explorer.kadena.io/mainnet/transaction/YpMGFyc2YpfwHRWKXhW4TMtxdA47v5IPCv6OALsIVo8,HERON,10138864.0,BRO,0.00986,2025-06-06 18:07:22
k:7b9c8a048b89df9b3bc57d6e133381b094030c93fa3b1dfb3b653a42b0c1d50e,https://explorer.kadena.io/mainnet/transaction/HyOcjwXq4jTP5r0OG4REd0WTwKgyH6Zu3PHqgxF2zEE,BRO,0.0036,HERON,10502910.0,2025-06-06 18:10:58
k:7b9c8a048b89df9b3bc57d6e133381b094030c93fa3b1dfb3b653a42b0c1d50e,https://explorer.kadena.io/mainnet/transaction/tSUJUIC_-Rnj7b6vLsl9BP1j49oyZDeZh97MJTl3TiY,KDA,2237.4288,BRO,0.00893,2025-06-06 17:35:40
k:7b9c8a048b89df9b3bc57d6e133381b094030c93fa3b1dfb3b653a42b0c1d50e,https://explorer.kadena.io/mainnet/transaction/Wayd5cppb3MwqbHJ21LGwn7ZMXOpI4ppZltgeFl46mA,HERON,9144139.2,BRO,0.0109,2025-06-06 17:35:43
k:7b9c8a048b89df9b3bc57d6e133381b094030c93fa3b1dfb3b653a42b0c1d50e,https://explorer.kadena.io/mainnet/transaction/2ycVWGw83NGpo0t5_TUO2FIPjHlG_BUhdr9s8VfM374,BRO,0.0164,HERON,10447669.0,2025-06-06 18:07:20
k:7b9c8a048b89df9b3bc57d6e133381b094030c93fa3b1dfb3b653a42b0c1d50e,https://explorer.kadena.io/mainnet/transaction/dRkAztxGrjBf68wsc8_hLiyhRgA5krY83WLgzPPhoYg,HERON,8719666.3,BRO,0.0346,2025-06-06 18:07:22
k:7b9c8a048b89df9b3bc57d6e133381b094030c93fa3b1dfb3b653a42b0c1d50e,https://explorer.kadena.io/mainnet/transaction/myN7a3OW6lRJSDKlI87MoOuosKzC_jEjeQP_1__QXas,BRO,0.0038,HERON,10909057.0,2025-06-06 18:07:20
k:7b9c8a048b89df9b3bc57d6e133381b094030c93fa3b1dfb3b653a42b0c1d50e,https://explorer.kadena.io/mainnet/transaction/rbjt6GwhsbebQlabKnRzfxgfGbY8LatWSVjUaWJrTZA,BRO,0.103,HERON,11718207.0,2025-06-06 18:07:20
k:7b9c8a048b89df9b3bc57d6e133381b094030c93fa3b1dfb3b653a42b0c1d50e,https://explorer.kadena.io/mainnet/transaction/7TIWtERa6pPA4wu3TiY9ztHX50mpPKQfnyKlSP1HmC4,HERON,9673601.2,BRO,0.0206,2025-06-06 18:07:22
k:7b9c8a048b89df9b3bc57d6e133381b094030c93fa3b1dfb3b653a42b0c1d50e,https://explorer.kadena.io/mainnet/transaction/8qfFiBJgHUXU-Q96It3GNDRip7HVmLuIWf_8vzfPFl0,BRO,0.0036,HERON,10577088.0,2025-06-06 18:07:45
k:7b9c8a048b89df9b3bc57d6e133381b094030c93fa3b1dfb3b653a42b0c1d50e,https://explorer.kadena.io/mainnet/transaction/Ih0eQaqPMlF7ga1rIk2erZ-_qvnkfPDSu1lcWZ6eveA,BRO,0.0165,HERON,10359376.0,2025-06-06 18:09:32
k:7b9c8a048b89df9b3bc57d6e133381b094030c93fa3b1dfb3b653a42b0c1d50e,https://explorer.kadena.io/mainnet/transaction/XiScfU4gJroAgvZy1oTuQFY2TZc1j69CHOdQJgIZt7Q,KDA,2459.857,BRO,0.00813,2025-06-06 18:09:30
k:7b9c8a048b89df9b3bc57d6e133381b094030c93fa3b1dfb3b653a42b0c1d50e,https://explorer.kadena.io/mainnet/transaction/p5o5IYgoBl0u2kW1vb1QMWehGYB3iWOhcfTkD5EaZPQ,HERON,10053180.0,BRO,0.00994,2025-06-06 18:09:33
k:7b9c8a048b89df9b3bc57d6e133381b094030c93fa3b1dfb3b653a42b0c1d50e,https://explorer.kadena.io/mainnet/transaction/O2pQxlHx7XekPLW8ZMRPFQZetg-fOBSfIsLzamYLC9E,BRO,0.01,KDA,2534.7784,2025-06-06 18:09:29
k:7b9c8a048b89df9b3bc57d6e133381b094030c93fa3b1dfb3b653a42b0c1d50e,https://explorer.kadena.io/mainnet/transaction/UAyxPuzt5SLHyrUXUjwxiVf7AOkgeZC2Z5YUJa4_iQs,HERON,10149352.0,BRO,0.00985,2025-06-06 19:30:09
k:7b9c8a048b89df9b3bc57d6e133381b094030c93fa3b1dfb3b653a42b0c1d50e,https://explorer.kadena.io/mainnet/transaction/pO8_Uwybx3Ini89Kq9DgbL904nnfhU-A6rDQyXR3K5k,BRO,0.02,HERON,10612665.0,2025-06-06 19:30:08
k:7b9c8a048b89df9b3bc57d6e133381b094030c93fa3b1dfb3b653a42b0c1d50e,https://explorer.kadena.io/mainnet/transaction/9SeZFUeLrXml3117fIUlTfnhWdAHkKgLa1GlsF_6c88,BRO,0.00109,HERON,11730329.0,2025-06-06 19:30:08
k:7b9c8a048b89df9b3bc57d6e133381b094030c93fa3b1dfb3b653a42b0c1d50e,https://explorer.kadena.io/mainnet/transaction/fAz8aanV0UxMgccbsZOKXpnBjruyEyNyzykg4CqQoR4,BRO,0.0162,HERON,10930398.0,2025-06-07 18:27:47
k:7b9c8a048b89df9b3bc57d6e133381b094030c93fa3b1dfb3b653a42b0c1d50e,https://explorer.kadena.io/mainnet/transaction/0fuMTonn3EY10rh62WGp9HMzfh5QmoJmG8-bzUM0wEc,HERON,9327930.9,BRO,0.0107,2025-06-07 18:52:35
k:7b9c8a048b89df9b3bc57d6e133381b094030c93fa3b1dfb3b653a42b0c1d50e,https://explorer.kadena.io/mainnet/transaction/U9J2cJYKBrB6la5naj-8MacLFaVFDUjJkqVf2ucP-GU,BRO,0.0038,HERON,10622438.0,2025-06-07 18:28:07
k:7b9c8a048b89df9b3bc57d6e133381b094030c93fa3b1dfb3b653a42b0c1d50e,https://explorer.kadena.io/mainnet/transaction/188X_8yHd3-pshCtLtiSdCC4RAle302rVVDMfSZHFnI,KDA,2262.6452,BRO,0.00883,2025-06-07 18:52:28
k:7b9c8a048b89df9b3bc57d6e133381b094030c93fa3b1dfb3b653a42b0c1d50e,https://explorer.kadena.io/mainnet/transaction/bJiNAJCaeg7E8ubk48Y_PzPxQv61tMtamQOAu3FoUj4,BRO,0.01,KDA,2434.5257,2025-06-07 18:52:27
k:7b9c8a048b89df9b3bc57d6e133381b094030c93fa3b1dfb3b653a42b0c1d50e,https://explorer.kadena.io/mainnet/transaction/CifszymQvA5jrcQB9ZzKi5VWNrJ0sgiImqXDbPhBzDk,BRO,0.0399,KDA,2571.1457,2025-06-07 18:52:27
k:7b9c8a048b89df9b3bc57d6e133381b094030c93fa3b1dfb3b653a42b0c1d50e,https://explorer.kadena.io/mainnet/transaction/u_Ibom8g_glp7Q5WfeF7Pk4ll3fTL0nFSouvn3N9WwU,BRO,0.01,KDA,2331.56,2025-06-07 18:52:27
k:7b9c8a048b89df9b3bc57d6e133381b094030c93fa3b1dfb3b653a42b0c1d50e,https://explorer.kadena.io/mainnet/transaction/_66w3I-uwBE6aWL9MVEJNXXu13mCGE55VO1zdWVlZoo,KDA,2043.285,BRO,0.0489,2025-06-07 18:52:28
k:7b9c8a048b89df9b3bc57d6e133381b094030c93fa3b1dfb3b653a42b0c1d50e,https://explorer.kadena.io/mainnet/transaction/J_kRjnqHOOSOsLMJ_sgSYXQDVdci-qgW0iQHShUiPLM,BRO,0.01,KDA,2365.9337,2025-06-07 18:52:27
k:7b9c8a048b89df9b3bc57d6e133381b094030c93fa3b1dfb3b653a42b0c1d50e,https://explorer.kadena.io/mainnet/transaction/icvB62oWpKU6PbM6sIch2ngYdPNBbYb4-mpHkXIfX2k,BRO,0.04,HERON,10036522.0,2025-06-07 18:52:32
k:7b9c8a048b89df9b3bc57d6e133381b094030c93fa3b1dfb3b653a42b0c1d50e,https://explorer.kadena.io/mainnet/transaction/ZFTCR8Y_kE-VMIlPBuO_fcrSoI83X2TDRwaNJqGumA4,HERON,8022244.6,BRO,0.075,2025-06-07 18:52:35
k:7b9c8a048b89df9b3bc57d6e133381b094030c93fa3b1dfb3b653a42b0c1d50e,https://explorer.kadena.io/mainnet/transaction/iDAd5z1Ud1lrTOpSpIHiP9X1-drKLHQwT4mE9y5ZmUE,BRO,0.02,HERON,9753746.0,2025-06-07 18:52:32
k:7b9c8a048b89df9b3bc57d6e133381b094030c93fa3b1dfb3b653a42b0c1d50e,https://explorer.kadena.io/mainnet/transaction/kTSu6JdBOOK3oXkTcZZyg9AYdwFX0o9j6Yt2VGIOHMY,KDA,2279.0552,BRO,0.00877,2025-06-07 18:52:54
k:7b9c8a048b89df9b3bc57d6e133381b094030c93fa3b1dfb3b653a42b0c1d50e,https://explorer.kadena.io/mainnet/transaction/9yZWyH7Jgl2gpm3Tzi3CqMzJDlBZk-DwDdCZVpAQXIY,BRO,0.0331,HERON,10780954.0,2025-06-07 18:52:32
k:7b9c8a048b89df9b3bc57d6e133381b094030c93fa3b1dfb3b653a42b0c1d50e,https://explorer.kadena.io/mainnet/transaction/3ZgwxUQjeWvDIJAfPAugQGvqvKpfk553obqIAkh2MuE,BRO,0.01,KDA,2391.4876,2025-06-07 18:58:39
k:7b9c8a048b89df9b3bc57d6e133381b094030c93fa3b1dfb3b653a42b0c1d50e,https://explorer.kadena.io/mainnet/transaction/e5HLQxrcoPdst0gSBmizhv72tc1mnO5o2xqztgR-RZE,BRO,0.02,HERON,9859093.9,2025-06-07 18:58:41
k:7b9c8a048b89df9b3bc57d6e133381b094030c93fa3b1dfb3b653a42b0c1d50e,https://explorer.kadena.io/mainnet/transaction/I295RVkH8-28k-TXWf-rB3ey_pOTuBubpGk7kNCyZf8,KDA,2303.0256,BRO,0.00868,2025-06-07 19:20:15
k:7b9c8a048b89df9b3bc57d6e133381b094030c93fa3b1dfb3b653a42b0c1d50e,https://explorer.kadena.io/mainnet/transaction/4PaT4ghmaoRPCEXBXdVpKdXsTYznpLoEGmzVWsUOtok,BRO,0.0172,HERON,9783579.3,2025-06-07 19:20:18
k:eb4adc3cf8e69e26a285215e16aee264e0e70a8153f8f7c7d2ddf11046213448,https://explorer.kadena.io/mainnet/transaction/ndufgYCggpk5de46ZcHbbOeau5R5ten8Jl1D7FatxKI,HERON,9790000.0,BRO,0.0172,2025-06-07 19:23:12
k:7b9c8a048b89df9b3bc57d6e133381b094030c93fa3b1dfb3b653a42b0c1d50e,https://explorer.kadena.io/mainnet/transaction/Gzf2f59TCBALRrMSQ39UmHrjV3mldlKhgplhlbU5aPo,BRO,0.00116,HERON,11051555.0,2025-06-07 19:24:41
k:7b9c8a048b89df9b3bc57d6e133381b094030c93fa3b1dfb3b653a42b0c1d50e,https://explorer.kadena.io/mainnet/transaction/9RWzzLRJd9BxyWdQerq-oDaKug1uOhq1VI0S57TotoA,BRO,0.01,KDA,2631.8121,2025-06-07 19:24:37
k:7b9c8a048b89df9b3bc57d6e133381b094030c93fa3b1dfb3b653a42b0c1d50e,https://explorer.kadena.io/mainnet/transaction/DWXPq4ZcmKlTgiR1xC3aH068N46WT0-DPgsY1qiIUpo,KDA,2316.0325,BRO,0.00863,2025-06-07 19:24:38
k:7b9c8a048b89df9b3bc57d6e133381b094030c93fa3b1dfb3b653a42b0c1d50e,https://explorer.kadena.io/mainnet/transaction/e8LC-V8L1nFNxhAFKIaOT_jR39fpC1TT18X8JFdkb4E,BRO,0.04,HERON,10288438.0,2025-06-07 19:24:41
k:7b9c8a048b89df9b3bc57d6e133381b094030c93fa3b1dfb3b653a42b0c1d50e,https://explorer.kadena.io/mainnet/transaction/8LQLz4Tg_aIS9QsRPeSGZ7lvnEjTGOcqOX9Td_EunNQ,HERON,8546663.7,BRO,0.0234,2025-06-06 13:49:20
k:7b9c8a048b89df9b3bc57d6e133381b094030c93fa3b1dfb3b653a42b0c1d50e,https://explorer.kadena.io/mainnet/transaction/UJaqTOEwTzNJFOW-fao_T08xUchx43qXdNoVaTVq9us,BRO,0.02,HERON,9412190.1,2025-06-06 13:50:37
k:7b9c8a048b89df9b3bc57d6e133381b094030c93fa3b1dfb3b653a42b0c1d50e,https://explorer.kadena.io/mainnet/transaction/0TeRXpViplSXQbNHrT3uV82M_wP6C3xeNbVLDh2GokA,BRO,0.0176,HERON,9275444.0,2025-06-06 13:50:37
k:7b9c8a048b89df9b3bc57d6e133381b094030c93fa3b1dfb3b653a42b0c1d50e,https://explorer.kadena.io/mainnet/transaction/IQVGwe7hq0vO0uEPCldI7uNMWPRmjXXnqAy292PdLlk,HERON,9001286.2,BRO,0.00667,2025-06-06 13:50:39
k:7b9c8a048b89df9b3bc57d6e133381b094030c93fa3b1dfb3b653a42b0c1d50e,https://explorer.kadena.io/mainnet/transaction/9BNWwNVkYUplNjn7xDKbQR7AIJ1IAfJCg_e3wsYsQGI,HERON,9006308.2,BRO,0.00443,2025-06-06 13:51:31
k:7b9c8a048b89df9b3bc57d6e133381b094030c93fa3b1dfb3b653a42b0c1d50e,https://explorer.kadena.io/mainnet/transaction/aA2ObPZVTNf_smjamY2kg9cVqhwyOhLuozF7pR-QUx4,KDA,2203.7037,BRO,0.00907,2025-06-06 13:51:28
k:7b9c8a048b89df9b3bc57d6e133381b094030c93fa3b1dfb3b653a42b0c1d50e,https://explorer.kadena.io/mainnet/transaction/t3gB_TcTOomPWKnaXkbt_K_d4ARZhI9IhV01y3wXM34,BRO,0.01,KDA,2270.8233,2025-06-06 13:51:28
k:7b9c8a048b89df9b3bc57d6e133381b094030c93fa3b1dfb3b653a42b0c1d50e,https://explorer.kadena.io/mainnet/transaction/oSiTgy7Owbo1CqjT6rM-zagAIArevTFzsxK2UOUDQIE,HERON,9051681.6,BRO,0.00663,2025-06-06 13:54:49
k:7b9c8a048b89df9b3bc57d6e133381b094030c93fa3b1dfb3b653a42b0c1d50e,https://explorer.kadena.io/mainnet/transaction/A8tTNtJr37GlqV4K-57bqCnMLy9iN6KUUZ-XO5xtLEY,HERON,9062379.8,BRO,0.00441,2025-06-06 13:56:21
k:7b9c8a048b89df9b3bc57d6e133381b094030c93fa3b1dfb3b653a42b0c1d50e,https://explorer.kadena.io/mainnet/transaction/OztSBT8x_PBi4ofrbDCNAu5J8pjoA8rJjT9mm-FDCDU,KDA,2217.4235,BRO,0.00901,2025-06-06 13:56:18
k:7b9c8a048b89df9b3bc57d6e133381b094030c93fa3b1dfb3b653a42b0c1d50e,https://explorer.kadena.io/mainnet/transaction/YLAvc7ZWJ8POUFwO_iH2t20IAmzRLdfoTfNnpD1JrAE,HERON,7815910.0,BRO,0.0126,2025-06-06 13:57:46
k:7b9c8a048b89df9b3bc57d6e133381b094030c93fa3b1dfb3b653a42b0c1d50e,https://explorer.kadena.io/mainnet/transaction/c_iZtocpSSmSwHgkMfruu-8rHf1uPVVtp0202hsH4QY,HERON,8949257.2,BRO,0.0111,2025-06-06 13:57:46
k:7b9c8a048b89df9b3bc57d6e133381b094030c93fa3b1dfb3b653a42b0c1d50e,https://explorer.kadena.io/mainnet/transaction/usgtDjSdEv90El0uq1q62MSH0C0n-R_xoyjNrrGibok,HERON,8553812.3,BRO,0.0233,2025-06-08 04:25:53
k:7b9c8a048b89df9b3bc57d6e133381b094030c93fa3b1dfb3b653a42b0c1d50e,https://explorer.kadena.io/mainnet/transaction/R1rxWq6ZbtzXywY-5QkIQcPRYsNmVuotcdZa7WKQOBQ,BRO,0.02,HERON,9374474.7,2025-06-08 04:25:51
k:7b9c8a048b89df9b3bc57d6e133381b094030c93fa3b1dfb3b653a42b0c1d50e,https://explorer.kadena.io/mainnet/transaction/U4Xv2W5m0eRAkkGQEq-Qr9jVQhQG9COQ72wofzDGSWg,BRO,0.01,KDA,2270.3543,2025-06-08 04:25:47
k:7b9c8a048b89df9b3bc57d6e133381b094030c93fa3b1dfb3b653a42b0c1d50e,https://explorer.kadena.io/mainnet/transaction/NGQIqBIJbLBay64MyNlmoDH0HJVCaRW26YVXkj7U2yY,BRO,0.0178,HERON,9238276.6,2025-06-08 04:25:51
k:7b9c8a048b89df9b3bc57d6e133381b094030c93fa3b1dfb3b653a42b0c1d50e,https://explorer.kadena.io/mainnet/transaction/6ybXDkNZst1r1NFqjHnGuogvZQxkmlDMY0vHMKmnvc4,HERON,8965217.3,BRO,0.0111,2025-06-08 04:25:53
k:7b9c8a048b89df9b3bc57d6e133381b094030c93fa3b1dfb3b653a42b0c1d50e,https://explorer.kadena.io/mainnet/transaction/f8lHXUB5LeC-T5qsO-hY5f-t1yfYBgnScUQ6nKJAFGk,KDA,2171.2384,BRO,0.00921,2025-06-08 04:25:48
k:7b9c8a048b89df9b3bc57d6e133381b094030c93fa3b1dfb3b653a42b0c1d50e,https://explorer.kadena.io/mainnet/transaction/DkvlhLp48YIBTQnNMxnISjZ259n8SkE8BHYo-vaYC8w,BRO,0.01,KDA,2237.3692,2025-06-08 04:25:47
k:7b9c8a048b89df9b3bc57d6e133381b094030c93fa3b1dfb3b653a42b0c1d50e,https://explorer.kadena.io/mainnet/transaction/jSNTtbFW7xnQX339i_Nby6AbYxjQAEIOhws2s7c8-5E,KDA,1960.74,BRO,0.051,2025-06-08 04:25:48
k:7b9c8a048b89df9b3bc57d6e133381b094030c93fa3b1dfb3b653a42b0c1d50e,https://explorer.kadena.io/mainnet/transaction/YeJuc-lm8uFMmNl1f02C_9Nzec0BFphA9Qd2gSOKWJg,BRO,0.0399,KDA,2467.2761,2025-06-08 04:25:47
k:7b9c8a048b89df9b3bc57d6e133381b094030c93fa3b1dfb3b653a42b0c1d50e,https://explorer.kadena.io/mainnet/transaction/dIQerWpmGOGmy6VIXS493zRj4j7ZuMKGK0Vd6wg2k_w,BRO,0.01,KDA,2377.2291,2025-06-08 04:29:06
k:7b9c8a048b89df9b3bc57d6e133381b094030c93fa3b1dfb3b653a42b0c1d50e,https://explorer.kadena.io/mainnet/transaction/cvPbIATlzf4KcYoP5wHYi20SaJxaTq8kGYqAzmg0SUk,KDA,2209.3937,BRO,0.00904,2025-06-08 04:29:06
k:7b9c8a048b89df9b3bc57d6e133381b094030c93fa3b1dfb3b653a42b0c1d50e,https://explorer.kadena.io/mainnet/transaction/4w0cTAtbxF4fUtrsDbdBJnyNselsehdzL5GlwGaXOz8,BRO,0.0176,HERON,9400621.6,2025-06-08 04:29:45
k:7b9c8a048b89df9b3bc57d6e133381b094030c93fa3b1dfb3b653a42b0c1d50e,https://explorer.kadena.io/mainnet/transaction/oSivKGTmM3VZ2Z9_g1g9pOtdxR9V60-jXLMiaS8CxOY,KDA,2236.8416,BRO,0.00894,2025-06-08 04:23:43
k:7b9c8a048b89df9b3bc57d6e133381b094030c93fa3b1dfb3b653a42b0c1d50e,https://explorer.kadena.io/mainnet/transaction/Cw67kZkraqUb-kohoAMQcn1fKYHoo545VWhO4-s_DO8,BRO,0.01,KDA,2338.9522,2025-06-08 04:24:15
k:7b9c8a048b89df9b3bc57d6e133381b094030c93fa3b1dfb3b653a42b0c1d50e,https://explorer.kadena.io/mainnet/transaction/qboOMYsGdqo9Y7v9CcSWVhRnk-hnt7gByJkh-dd_kAc,KDA,2071.6024,BRO,0.00964,2025-06-08 04:26:15
k:7b9c8a048b89df9b3bc57d6e133381b094030c93fa3b1dfb3b653a42b0c1d50e,https://explorer.kadena.io/mainnet/transaction/iIBAI6xNOf8M5E7OrXPk4CDUEUpuJLN436-_FDpGcfU,BRO,0.00279,HERON,9649694.2,2025-06-08 04:27:38
k:7b9c8a048b89df9b3bc57d6e133381b094030c93fa3b1dfb3b653a42b0c1d50e,https://explorer.kadena.io/mainnet/transaction/KZeo0-GX2q1EhfDypcdL_qinXzFD0-TaUUgvMAholac,HERON,7845796.0,BRO,0.0126,2025-06-08 04:29:10
k:7b9c8a048b89df9b3bc57d6e133381b094030c93fa3b1dfb3b653a42b0c1d50e,https://explorer.kadena.io/mainnet/transaction/ioiv1pn5umsIDNL1oykyzKl19zZh0s8PwUHTZ1O3zH0,BRO,0.02,HERON,9539213.2,2025-06-08 04:29:08
k:7b9c8a048b89df9b3bc57d6e133381b094030c93fa3b1dfb3b653a42b0c1d50e,https://explorer.kadena.io/mainnet/transaction/tEWId2mSTvidCjOjZm1PlAge7-rufknR8loKdoBy_Xs,BRO,0.0159,HERON,10543828.0,2025-06-08 04:29:08
k:7b9c8a048b89df9b3bc57d6e133381b094030c93fa3b1dfb3b653a42b0c1d50e,https://explorer.kadena.io/mainnet/transaction/52_GZxn-CsAbkiRtVqHmG0GsPjWo0HN7pa3rv8Ar_Ew,HERON,9122763.8,BRO,0.0109,2025-06-08 04:29:10
k:7b9c8a048b89df9b3bc57d6e133381b094030c93fa3b1dfb3b653a42b0c1d50e,https://explorer.kadena.io/mainnet/transaction/tGSaf7Pp29_BUlfwzl9DCehPZos_UiTLMSKQhsWayjA,BRO,0.00279,HERON,9815769.4,2025-06-08 04:30:26
k:7b9c8a048b89df9b3bc57d6e133381b094030c93fa3b1dfb3b653a42b0c1d50e,https://explorer.kadena.io/mainnet/transaction/EDgGn8GQ3ak2lqr1XXbpWRcPu-10s3KGzxWyvATjAYE,HERON,7943266.4,BRO,0.0124,2025-06-08 04:23:49
k:7b9c8a048b89df9b3bc57d6e133381b094030c93fa3b1dfb3b653a42b0c1d50e,https://explorer.kadena.io/mainnet/transaction/8X8Xpbjl_hkOX8KZBjUywibynVxNSoUahJOvA091_y0,BRO,0.02,HERON,9657721.3,2025-06-08 04:23:46
k:7b9c8a048b89df9b3bc57d6e133381b094030c93fa3b1dfb3b653a42b0c1d50e,https://explorer.kadena.io/mainnet/transaction/tq874zZGyayc_lsxi_4eHg6T8lbcXBCmsPh5ufcqOE0,HERON,8812262.8,BRO,0.0114,2025-06-08 04:23:49
k:7b9c8a048b89df9b3bc57d6e133381b094030c93fa3b1dfb3b653a42b0c1d50e,https://explorer.kadena.io/mainnet/transaction/X7gSlcONxHVCcjHYUzCYXmHLLGQASE95XcwXYY-6FLs,BRO,0.01,KDA,2304.9705,2025-06-08 04:23:42
k:7b9c8a048b89df9b3bc57d6e133381b094030c93fa3b1dfb3b653a42b0c1d50e,https://explorer.kadena.io/mainnet/transaction/RvLm-drXbMteewcSmP7D6ilGOvuPg3WU1a4WLujoYuc,BRO,0.0175,HERON,9517407.9,2025-06-08 04:23:46
k:7b9c8a048b89df9b3bc57d6e133381b094030c93fa3b1dfb3b653a42b0c1d50e,https://explorer.kadena.io/mainnet/transaction/Pl56dSZQho0DsM1tvPfga4zQavPmJL0tUBbJ60OgG4Q,KDA,2134.1952,BRO,0.00937,2025-06-08 04:23:43
k:7b9c8a048b89df9b3bc57d6e133381b094030c93fa3b1dfb3b653a42b0c1d50e,https://explorer.kadena.io/mainnet/transaction/9G-zFKSWVVjJTNtrmOJtlDILFYk_RpJZ-hIaHHWQKQo,HERON,9236098.3,BRO,0.0108,2025-06-08 04:23:48
k:7b9c8a048b89df9b3bc57d6e133381b094030c93fa3b1dfb3b653a42b0c1d50e,https://explorer.kadena.io/mainnet/transaction/WSZSQ63ydXc6auZApkhmkwZKhA2-bKnwxu6JSY4zM2I,BRO,0.02,HERON,9638008.6,2025-06-09 04:39:47
k:7b9c8a048b89df9b3bc57d6e133381b094030c93fa3b1dfb3b653a42b0c1d50e,https://explorer.kadena.io/mainnet/transaction/oXFxv2uMVwjKtOeChb2I78MG1b64y2qOI6PY9Wqygls,KDA,2198.1934,BRO,0.00909,2025-06-09 04:39:45
k:7b9c8a048b89df9b3bc57d6e133381b094030c93fa3b1dfb3b653a42b0c1d50e,https://explorer.kadena.io/mainnet/transaction/pJ5-9mGICBUR3HfjNen6yyZwq9R6O0cnmfoEUlDbH-0,BRO,0.01,KDA,2357.9689,2025-06-09 05:20:39
k:7b9c8a048b89df9b3bc57d6e133381b094030c93fa3b1dfb3b653a42b0c1d50e,https://explorer.kadena.io/mainnet/transaction/OcscmpsXmazb-kRWJ3iJ7hhwyVlXQwTZiq-a03xPbgs,KDA,2036.4064,BRO,0.049,2025-06-09 05:20:40
k:7b9c8a048b89df9b3bc57d6e133381b094030c93fa3b1dfb3b653a42b0c1d50e,https://explorer.kadena.io/mainnet/transaction/i0HcP_gNuR0jzYw1dbNjJWuG5GNVT1Lzl7du5_2ZP6c,BRO,0.0174,HERON,9593442.2,2025-06-09 05:21:23
k:a57e1b88758865333f88630026c9f59f87c5a924764eaafc3908e30455516a1e,https://explorer.kadena.io/mainnet/transaction/idOGnCigmu6nw6WUWjTyXcXB_K5wwzoYXDWf_7CVXfM,BRO,0.1,KDA,3450.0,2025-06-09 06:29:32
k:7b9c8a048b89df9b3bc57d6e133381b094030c93fa3b1dfb3b653a42b0c1d50e,https://explorer.kadena.io/mainnet/transaction/9AKlWh44Y5_h8tIo4zq2P6tOx9uAPH8FQuSpM-3Q_pk,BRO,0.0173,HERON,9612037.5,2025-06-07 18:52:31
k:7b9c8a048b89df9b3bc57d6e133381b094030c93fa3b1dfb3b653a42b0c1d50e,https://explorer.kadena.io/mainnet/transaction/Keq6Ouv7pRktUzZahgeJBfP_jHvdy1AHIHGKdhg_ja0,HERON,9406934.9,BRO,0.0106,2025-06-07 18:53:33
k:7b9c8a048b89df9b3bc57d6e133381b094030c93fa3b1dfb3b653a42b0c1d50e,https://explorer.kadena.io/mainnet/transaction/0lY-z8Y4vG7rjN6FgMQZnYovA6sJLyiUKS4g2u9MBVA,BRO,0.01,KDA,2351.3074,2025-06-07 18:53:30
k:7b9c8a048b89df9b3bc57d6e133381b094030c93fa3b1dfb3b653a42b0c1d50e,https://explorer.kadena.io/mainnet/transaction/Gmluxd8g4VxAcFu08KR8VtZ3RLCk-5mAKRPkvuzdm2Y,BRO,0.0173,HERON,9693447.8,2025-06-07 18:53:32
k:7b9c8a048b89df9b3bc57d6e133381b094030c93fa3b1dfb3b653a42b0c1d50e,https://explorer.kadena.io/mainnet/transaction/UgH_t4kg4NmNcBrhGsA7GxRJ0qPxoJ5S83kwcPutIZw,BRO,0.0172,HERON,9715854.9,2025-06-07 19:00:39
k:7b9c8a048b89df9b3bc57d6e133381b094030c93fa3b1dfb3b653a42b0c1d50e,https://explorer.kadena.io/mainnet/transaction/yOMXIX7SVwG68QmZfHVblkPPO5uSoTpXmlt-oqnOf7c,HERON,9494402.4,BRO,0.0105,2025-06-07 19:20:19
k:7b9c8a048b89df9b3bc57d6e133381b094030c93fa3b1dfb3b653a42b0c1d50e,https://explorer.kadena.io/mainnet/transaction/qTFtXwUlGF0KGbLLid8gIg78uFxp89rG3tswgTfi-YM,HERON,9058713.6,BRO,0.011,2025-06-07 19:20:19
k:7b9c8a048b89df9b3bc57d6e133381b094030c93fa3b1dfb3b653a42b0c1d50e,https://explorer.kadena.io/mainnet/transaction/xMdjRyl0odYheAYMIFuyWY8y0D6PbgxuCCGJbrfJ1ss,HERON,8165414.1,BRO,0.0615,2025-06-07 19:20:56
k:7b9c8a048b89df9b3bc57d6e133381b094030c93fa3b1dfb3b653a42b0c1d50e,https://explorer.kadena.io/mainnet/transaction/NH1eUCcq-Tem3PKk1oQ8LGfH92RGMxr1UiunMm1FbSE,HERON,9562061.7,BRO,0.0104,2025-06-07 19:24:42
k:7b9c8a048b89df9b3bc57d6e133381b094030c93fa3b1dfb3b653a42b0c1d50e,https://explorer.kadena.io/mainnet/transaction/CQpy8_oJFRQDWcZdTb5KlQOSSC8pkHm8uRSMVII-r_4,BRO,0.0172,HERON,9798419.9,2025-06-07 19:25:32
k:7b9c8a048b89df9b3bc57d6e133381b094030c93fa3b1dfb3b653a42b0c1d50e,https://explorer.kadena.io/mainnet/transaction/OhjijDsiPXb-Bk1h0QtJe6j9vEvh-wDH1TTHp-V1ylk,HERON,9508804.3,BRO,0.0105,2025-06-07 19:25:34
k:7b9c8a048b89df9b3bc57d6e133381b094030c93fa3b1dfb3b653a42b0c1d50e,https://explorer.kadena.io/mainnet/transaction/2IQFUXB_5rOYxtxaz8TGhpOTfRb-xubmH5tQtXBHJ8U,BRO,0.01,KDA,2373.281,2025-06-07 19:25:30
k:7b9c8a048b89df9b3bc57d6e133381b094030c93fa3b1dfb3b653a42b0c1d50e,https://explorer.kadena.io/mainnet/transaction/beKKs1lPIn5-3FKeVJyf4SvzCtRYR-GFVXdwZ0M2oco,BRO,0.02,HERON,9942876.2,2025-06-07 19:25:33
k:7b9c8a048b89df9b3bc57d6e133381b094030c93fa3b1dfb3b653a42b0c1d50e,https://explorer.kadena.io/mainnet/transaction/PJ_KnZAhcQE4rk6KsvGcRzD_96WWGkH4Z-_9zXaMOj4,KDA,2303.133,BRO,0.00868,2025-06-07 19:27:07
k:eb4adc3cf8e69e26a285215e16aee264e0e70a8153f8f7c7d2ddf11046213448,https://explorer.kadena.io/mainnet/transaction/R-IS2SLiZmehlJM-JR-pN7X7MrE8arIdV8pB7R90vXU,HERON,10290000.0,BRO,0.00125,2025-06-07 19:28:14
k:7b9c8a048b89df9b3bc57d6e133381b094030c93fa3b1dfb3b653a42b0c1d50e,https://explorer.kadena.io/mainnet/transaction/6jh0b2cvamnUzrhsKOEJJ5IKXTIHyL3sfSHmJG59yiU,BRO,0.00126,HERON,9803487.0,2025-06-07 19:30:01
k:7b9c8a048b89df9b3bc57d6e133381b094030c93fa3b1dfb3b653a42b0c1d50e,https://explorer.kadena.io/mainnet/transaction/NrP2kAqGUTa63tNXDxON8jENTXak_hwoVme91YhV4tY,BRO,0.00105,HERON,10796193.0,2025-06-09 13:49:01
k:7b9c8a048b89df9b3bc57d6e133381b094030c93fa3b1dfb3b653a42b0c1d50e,https://explorer.kadena.io/mainnet/transaction/o__Gvj_su7ubUFSC3ay62d_XSjnaxqXwwfWhHSasi98,BRO,0.00279,HERON,9937713.2,2025-06-08 04:23:46
k:7b9c8a048b89df9b3bc57d6e133381b094030c93fa3b1dfb3b653a42b0c1d50e,https://explorer.kadena.io/mainnet/transaction/kONf4n3xR_jXybOtidd4bTp2GgDzxClu035QQPpGDfk,BRO,0.01,KDA,2327.5521,2025-06-09 04:36:12
k:7b9c8a048b89df9b3bc57d6e133381b094030c93fa3b1dfb3b653a42b0c1d50e,https://explorer.kadena.io/mainnet/transaction/OaRyVDBEU-ldduUhNcJCuVZnb3ikR9YpTywn_0JpVTU,HERON,9191081.2,BRO,0.0108,2025-06-09 04:36:15
k:7b9c8a048b89df9b3bc57d6e133381b094030c93fa3b1dfb3b653a42b0c1d50e,https://explorer.kadena.io/mainnet/transaction/mrwW4479jTb5NscPc3rqH_qWPln5EbL_t4cSVdih9jc,BRO,0.01,KDA,2529.435,2025-06-09 04:36:12
k:7b9c8a048b89df9b3bc57d6e133381b094030c93fa3b1dfb3b653a42b0c1d50e,https://explorer.kadena.io/mainnet/transaction/t12Z0eN3Zx7XQhbjUEesMs7wc8MSrX55NVamhNcGg2k,KDA,2225.9392,BRO,0.00897,2025-06-09 04:36:12
k:7b9c8a048b89df9b3bc57d6e133381b094030c93fa3b1dfb3b653a42b0c1d50e,https://explorer.kadena.io/mainnet/transaction/V-UN5qkBa3Kd9vcJKmhXM4tvPXgZD8SRCAGsxYMCyWg,BRO,0.0175,HERON,9471019.7,2025-06-09 04:36:14
k:7b9c8a048b89df9b3bc57d6e133381b094030c93fa3b1dfb3b653a42b0c1d50e,https://explorer.kadena.io/mainnet/transaction/dWfPTIcrz0XoCjB2E6YmL_y7lharLQnK0s_5QK_N1DA,BRO,0.01,KDA,2287.5141,2025-06-09 04:28:55
k:7b9c8a048b89df9b3bc57d6e133381b094030c93fa3b1dfb3b653a42b0c1d50e,https://explorer.kadena.io/mainnet/transaction/afdz21hxS0OIoo8Kiy0a1TAljOfZbKaI-YX1YX7T5J8,BRO,0.0175,HERON,9526142.9,2025-06-09 04:41:35
k:7b9c8a048b89df9b3bc57d6e133381b094030c93fa3b1dfb3b653a42b0c1d50e,https://explorer.kadena.io/mainnet/transaction/HRWOmREBe9uyl5zO4CvC6jaOoAcrUnDmNSMooA4cmGw,KDA,2238.8946,BRO,0.00893,2025-06-09 04:41:33
k:7b9c8a048b89df9b3bc57d6e133381b094030c93fa3b1dfb3b653a42b0c1d50e,https://explorer.kadena.io/mainnet/transaction/NKcBm46hAcOsLNX4kYD3Iz7V6zTph1Ybhs2Ta9K2FEY,KDA,2255.028,BRO,0.00886,2025-06-09 05:20:40
k:7b9c8a048b89df9b3bc57d6e133381b094030c93fa3b1dfb3b653a42b0c1d50e,https://explorer.kadena.io/mainnet/transaction/wJ44Wyg5osGg1sMpMGK-5DJY2cweCDv7dBTTZeNNQ2k,BRO,0.0399,KDA,2562.49,2025-06-09 05:20:39
k:7b9c8a048b89df9b3bc57d6e133381b094030c93fa3b1dfb3b653a42b0c1d50e,https://explorer.kadena.io/mainnet/transaction/KjS6luJn_wHrm3XGKowyj5jKza363PJz7kYhaFVTvbI,BRO,0.02,HERON,10018511.0,2025-06-09 05:20:43
k:a57e1b88758865333f88630026c9f59f87c5a924764eaafc3908e30455516a1e,https://explorer.kadena.io/mainnet/transaction/Lu64ecb4AMlzGjECdp0V4TYt9EIRiVoU_OKPQqx1u2E,BRO,0.1,KDA,3500.0,2025-06-09 06:29:50
k:a57e1b88758865333f88630026c9f59f87c5a924764eaafc3908e30455516a1e,https://explorer.kadena.io/mainnet/transaction/t2PjOpZetTP4NDauP6kehXqalVsw5WwltfvqS66i0iQ,BRO,0.1,KDA,3550.0,2025-06-09 06:30:02
k:a57e1b88758865333f88630026c9f59f87c5a924764eaafc3908e30455516a1e,https://explorer.kadena.io/mainnet/transaction/ST2dslUZAWa8dOEKzLe-K4cKRfMSjYQSYPTpIq84PI4,BRO,0.1,KDA,3600.0,2025-06-09 06:30:23
k:7b9c8a048b89df9b3bc57d6e133381b094030c93fa3b1dfb3b653a42b0c1d50e,https://explorer.kadena.io/mainnet/transaction/5bOnpcxBrZtb0kKStIX0PZ0LUAENFfmtfIhp6FCl_9k,BRO,0.0027,HERON,9697144.9,2025-06-11 23:38:14
k:7b9c8a048b89df9b3bc57d6e133381b094030c93fa3b1dfb3b653a42b0c1d50e,https://explorer.kadena.io/mainnet/transaction/_cZ9J9U8_mdI9Y-vWmxTW4rAcoFalN_XBEElpaboLQI,BRO,0.0173,HERON,9556258.8,2025-06-11 23:38:14
k:7b9c8a048b89df9b3bc57d6e133381b094030c93fa3b1dfb3b653a42b0c1d50e,https://explorer.kadena.io/mainnet/transaction/c5jExuAStKqxSR2zdCiTZgfeyLvlgQGTkTUUtmJpT5g,BRO,0.0027,HERON,9524148.1,2025-06-12 13:39:20
k:7b9c8a048b89df9b3bc57d6e133381b094030c93fa3b1dfb3b653a42b0c1d50e,https://explorer.kadena.io/mainnet/transaction/PFTu_yHpeXU1-tM990Hn95xUEdjEeR749JiennwvTmM,BRO,0.00222,HERON,9385775.4,2025-06-12 13:39:20
k:7b9c8a048b89df9b3bc57d6e133381b094030c93fa3b1dfb3b653a42b0c1d50e,https://explorer.kadena.io/mainnet/transaction/rg1DwE0LJkzRuIBYj6xsYG87d2Z5-l7UkfslFEUP_BQ,BRO,0.0152,HERON,9385775.4,2025-06-12 13:38:25
k:7b9c8a048b89df9b3bc57d6e133381b094030c93fa3b1dfb3b653a42b0c1d50e,https://explorer.kadena.io/mainnet/transaction/CJ5sZ7PDoZg_1KTod00WnMwy2_LbK3u6PYkrIdgNYS8,HERON,9108356.5,BRO,0.0109,2025-06-12 13:38:26
k:7b9c8a048b89df9b3bc57d6e133381b094030c93fa3b1dfb3b653a42b0c1d50e,https://explorer.kadena.io/mainnet/transaction/gmsoJ1zxNimzVkihN9C6h-kzApsC19WJ8l79eRxYEQU,BRO,0.0173,HERON,9640820.4,2025-06-11 08:10:41
